Time,Engine_RPM,Vehicle_Speed,Intake_MAP,MAF,Throttle_Pos,Accel_Pedal_D
17:42:53,270,0,165.0,5.35,87.1,14.8
17:42:54,876,0,116.2,13.4,82.8,22.5
17:42:55,983,3,101.0,10.38,83.1,23.1
17:42:56,1111,9,105.2,13.0,83.1,28.6
17:42:57,1563,14,116.5,21.63,83.1,37.5
17:42:58,1488,16,111.7,22.25,35.4,30.5
17:42:59,1202,19,108.7,17.07,83.5,39.4
17:43:00,1361,23,122.1,18.25,83.5,38.0
17:43:01,1489,26,122.0,16.68,83.5,29.3
17:43:02,1410,25,113.8,14.12,83.5,15.8
17:43:03,1297,22,111.0,12.53,83.5,21.9
17:43:04,1278,22,104.7,11.85,83.5,25.5
17:43:05,1305,22,102.7,11.5,83.5,25.3
17:43:06,1288,22,102.8,11.76,83.5,17.8
17:43:07,1187,20,105.0,10.87,83.5,20.1
17:43:08,1097,19,106.0,10.33,83.5,15.6
17:43:09,996,17,104.9,9.0,83.5,14.1
17:43:10,906,16,103.3,8.4,83.5,14.1
17:43:11,890,14,103.0,8.24,83.5,14.1
17:43:12,893,11,103.0,8.26,83.5,14.1
17:43:13,896,8,103.0,8.23,83.5,14.1
17:43:14,895,6,103.0,8.28,83.5,14.1
17:43:15,896,5,103.0,8.21,83.5,14.1
17:43:16,896,4,103.0,8.29,83.5,14.1
17:43:17,842,2,103.0,7.87,83.5,14.1
17:43:18,767,0,102.0,7.13,83.5,14.1
17:43:19,766,0,101.5,7.22,83.5,14.1
17:43:20,769,0,101.0,7.16,83.5,14.1
17:43:21,770,0,101.0,6.85,83.5,14.1
17:43:22,770,0,101.0,7.05,83.5,14.1
17:43:23,769,0,101.0,7.22,83.5,14.1
17:43:24,770,0,101.0,7.1,83.5,14.1
17:43:25,769,0,101.0,7.13,83.5,14.1
17:43:26,770,0,101.0,7.22,83.5,14.1
17:43:27,769,0,101.0,7.12,83.5,14.1
17:43:28,772,0,101.0,7.01,83.5,14.1
17:43:29,769,0,101.0,7.11,83.5,14.1
17:43:30,769,0,101.0,7.18,83.5,14.1
17:43:31,771,0,101.0,7.07,83.5,14.1
17:43:32,770,0,101.0,7.18,83.5,14.1
17:43:33,770,0,101.0,7.02,83.5,14.1
17:43:34,769,0,101.0,7.23,83.5,14.1
17:43:35,768,0,101.0,7.26,83.5,14.1
17:43:36,770,0,101.0,7.24,83.5,14.1
17:43:37,769,0,101.0,7.1,83.5,14.1
17:43:38,771,0,101.0,7.17,83.5,14.1
17:43:39,770,0,101.0,7.29,83.5,14.1
17:43:40,769,0,101.0,7.04,83.5,14.1
17:43:41,770,0,101.0,7.06,83.5,14.1
17:43:42,770,0,101.0,7.26,83.5,14.1
17:43:43,771,0,101.0,7.22,83.5,14.1
17:43:44,769,0,101.0,7.21,83.5,14.1
17:43:45,769,0,101.0,7.3,83.5,14.1
17:43:46,770,0,101.0,7.27,83.5,14.1
17:43:47,771,0,101.0,7.13,83.5,14.1
17:43:48,770,0,101.0,7.22,83.5,14.1
17:43:49,770,0,101.0,7.18,83.5,14.1
17:43:50,758,0,98.7,4.23,56.7,14.1
17:43:51,246,0,38.1,0.95,13.7,14.1
17:43:52,0,0,49.6,0.07,19.0,14.1
17:43:53,0,0,83.0,0.0,83.6,14.1
17:43:54,0,0,99.0,0.0,88.9,14.1
17:43:55,0,0,99.0,0.0,88.6,14.1
17:43:56,0,0,99.0,0.0,88.6,14.1
17:43:57,0,0,99.0,0.0,88.6,14.1
17:43:58,0,0,99.0,0.0,88.6,14.1
17:43:59,0,0,99.0,0.0,88.6,14.1
17:44:00,0,0,99.0,0.0,88.6,14.1
17:44:01,0,0,99.0,0.0,88.6,14.1
17:44:02,0,0,99.0,0.0,88.6,14.1
17:44:03,0,0,99.0,0.0,88.6,14.1
17:44:04,0,0,99.0,0.0,88.6,14.1
17:44:05,0,0,99.0,0.0,88.6,14.1
17:44:06,0,0,99.0,0.0,88.7,14.1
17:44:07,0,0,99.0,0.0,88.8,14.1
17:44:08,0,0,99.0,0.0,88.6,14.1
17:44:09,0,0,99.0,0.0,88.6,14.1
17:44:10,0,0,99.0,0.0,88.6,14.1
17:44:11,0,0,99.0,0.0,88.6,14.1
17:44:12,0,0,99.0,0.0,88.6,14.1
17:44:13,0,0,99.0,0.0,88.6,14.1
17:44:14,0,0,99.0,0.0,88.6,14.1
17:44:15,0,0,99.0,0.0,88.6,14.1
17:44:16,0,0,99.0,0.0,88.6,14.1
17:44:17,0,0,99.0,0.0,88.6,14.1
17:44:18,0,0,99.0,0.0,88.6,14.1
17:44:19,0,0,99.0,0.0,88.6,14.1
17:44:20,0,0,99.0,0.0,88.6,14.1
17:44:21,0,0,99.0,0.0,88.6,14.1
17:44:22,0,0,99.0,0.0,88.6,14.1
17:44:23,158,0,124.1,4.15,88.0,14.1
17:44:24,723,0,110.0,15.33,83.1,21.7
17:44:25,907,4,101.3,12.36,83.1,23.0
17:44:26,1211,10,103.8,15.44,83.1,29.6
17:44:27,1725,15,117.4,21.82,83.1,30.3
17:44:28,1126,16,101.5,17.62,71.9,15.2
17:44:29,981,16,104.3,10.34,78.6,19.7
17:44:30,981,17,105.0,9.35,83.5,18.6
17:44:31,946,16,104.5,8.39,83.5,14.8
17:44:32,897,15,103.5,8.15,83.5,14.1
17:44:33,883,15,103.0,8.15,83.5,14.1
17:44:34,866,14,103.0,8.44,83.5,14.1
17:44:35,909,12,103.0,8.66,83.5,14.1
17:44:36,913,10,103.0,8.47,83.5,14.1
17:44:37,905,7,103.0,8.25,83.5,14.1
17:44:38,901,5,103.0,8.3,83.5,14.1
17:44:39,886,4,103.0,8.3,83.5,14.1
17:44:40,819,2,102.5,7.43,83.5,14.1
17:44:41,765,1,102.0,7.04,83.5,14.1
17:44:42,768,0,102.0,6.98,83.5,14.1
17:44:43,769,0,101.3,6.91,83.5,14.1
17:44:44,769,0,101.0,7.17,83.5,14.1
17:44:45,770,0,101.0,7.35,83.5,14.1
17:44:46,769,0,101.0,7.3,83.5,14.1
17:44:47,769,0,101.0,7.12,83.5,14.1
17:44:48,770,0,101.0,7.22,83.5,14.1
17:44:49,769,0,101.0,7.26,83.5,14.1
17:44:50,771,0,101.0,7.17,83.5,14.1
17:44:51,770,0,101.0,7.17,83.5,14.1
17:44:52,770,0,101.0,7.18,83.5,14.1
17:44:53,770,0,101.0,7.39,83.5,14.1
17:44:54,770,0,101.0,7.22,83.5,14.1
17:44:55,771,0,101.0,7.28,83.5,14.1
17:44:56,770,0,101.0,7.32,83.5,14.1
17:44:57,770,0,101.0,7.23,83.5,14.1
17:44:58,770,0,101.0,7.31,83.5,14.1
17:44:59,771,0,101.0,7.23,83.5,14.1
17:45:00,771,0,101.0,7.06,83.5,14.1
17:45:01,769,0,101.0,6.98,83.5,14.1
17:45:02,770,0,101.0,7.22,83.5,14.1
17:45:03,769,0,101.0,7.12,83.5,14.1
17:45:04,770,0,101.0,7.04,83.5,14.1
17:45:05,770,0,101.0,7.2,83.5,14.1
17:45:06,770,0,101.0,7.37,83.5,14.1
17:45:07,770,0,101.0,7.05,83.5,14.1
17:45:08,771,0,101.0,7.29,83.5,14.1
17:45:09,770,0,101.0,7.16,83.5,14.1
17:45:10,770,0,101.0,7.2,83.5,14.1
17:45:11,769,0,101.0,7.26,83.5,14.1
17:45:12,769,0,101.0,7.22,83.5,14.1
17:45:13,769,0,101.0,7.12,83.5,14.1
17:45:14,770,0,101.0,7.19,83.5,14.1
17:45:15,769,0,101.0,7.03,83.5,14.1
17:45:16,770,0,101.0,7.12,83.5,14.1
17:45:17,770,0,101.0,7.32,83.5,14.1
17:45:18,769,0,101.0,7.34,83.5,14.1
17:45:19,771,0,101.0,7.15,83.5,14.1
17:45:20,770,0,101.0,7.12,83.5,14.1
17:45:21,771,0,101.0,7.22,83.5,14.1
17:45:22,771,0,101.0,7.14,83.5,14.1
17:45:23,771,0,101.0,7.31,83.5,14.1
17:45:24,772,0,101.0,7.09,83.5,14.1
17:45:25,768,0,101.0,7.3,83.5,14.1
17:45:26,770,0,101.0,7.06,83.5,14.1
17:45:27,768,0,101.0,7.18,83.5,14.1
17:45:28,770,0,101.0,6.93,83.5,14.1
17:45:29,769,0,101.0,6.93,83.5,14.1
17:45:30,769,0,101.0,7.21,83.5,14.1
17:45:31,770,0,101.0,7.15,83.5,14.1
17:45:32,769,0,101.0,7.15,83.5,14.1
17:45:33,769,0,101.0,7.14,83.5,14.1
17:45:34,770,0,101.0,7.09,83.5,14.1
17:45:35,771,0,101.0,7.18,83.5,14.1
17:45:36,770,0,101.0,7.31,83.5,14.1
17:45:37,769,0,101.0,7.08,83.5,14.1
17:45:38,769,0,101.0,7.18,83.5,14.1
17:45:39,770,0,101.0,7.21,83.5,14.1
17:45:40,769,0,101.0,7.25,83.5,14.1
17:45:41,770,0,101.0,6.97,83.5,14.1
17:45:42,771,0,101.0,7.11,83.5,14.1
17:45:43,770,0,101.0,7.06,83.5,14.1
17:45:44,768,0,101.0,7.06,83.5,14.1
17:45:45,770,0,101.0,7.16,83.5,14.1
17:45:46,844,0,101.0,7.59,83.5,16.2
17:45:47,875,1,102.0,9.24,83.5,18.0
17:45:48,948,6,104.4,11.55,83.5,19.1
17:45:49,1426,12,111.8,20.02,83.5,35.2
17:45:50,1696,16,124.0,25.12,59.3,27.4
17:45:51,1050,17,101.8,13.23,68.5,14.1
17:45:52,952,16,105.0,8.77,83.5,14.1
17:45:53,916,13,104.2,8.42,83.5,14.1
17:45:54,904,9,103.8,8.31,83.5,14.1
17:45:55,902,8,103.0,8.19,83.5,14.1
17:45:56,902,7,103.0,8.17,83.5,14.1
17:45:57,901,6,103.0,8.29,83.5,14.1
17:45:58,900,5,103.0,8.17,83.5,14.1
17:45:59,900,4,103.0,8.12,83.5,14.1
17:46:00,882,3,103.0,7.98,83.5,14.1
17:46:01,797,1,103.0,7.0,51.8,14.1
17:46:02,325,0,40.9,2.88,13.7,14.1
17:46:03,0,0,52.4,0.25,13.7,14.1
17:46:04,0,0,72.8,0.0,61.9,14.1
17:46:05,0,0,99.0,0.0,84.5,14.1
17:46:06,0,0,99.0,0.0,88.7,14.1
17:46:07,0,0,99.0,0.0,89.0,14.1
17:46:08,0,0,99.0,0.0,89.0,14.1
17:46:09,0,0,99.0,0.0,89.0,14.1
17:46:10,0,0,99.0,0.0,88.9,14.1
17:46:11,0,0,99.0,0.0,88.8,14.1
17:46:12,0,0,99.0,0.0,89.0,14.1
17:46:13,0,0,99.0,0.0,89.0,14.1
17:46:14,0,0,99.0,0.0,88.7,14.1
17:46:15,0,0,99.0,0.0,88.6,14.1
17:46:16,0,0,99.0,0.0,89.0,14.1
17:46:17,0,0,99.0,0.0,88.6,14.1
17:46:18,0,0,99.0,0.0,89.0,14.1
17:46:19,0,0,99.0,0.0,88.9,14.1
17:46:20,0,0,99.0,0.0,88.6,14.1
17:46:21,0,0,99.0,0.0,88.8,14.1
17:46:22,0,0,99.0,0.0,89.0,14.1
17:46:23,0,0,99.0,0.0,88.7,14.1
17:46:24,0,0,99.0,0.0,88.9,14.1
17:46:25,0,0,99.0,0.0,89.0,14.1
17:46:26,0,0,99.0,0.0,89.0,14.1
17:46:27,0,0,99.0,0.0,89.0,14.1
17:46:28,0,0,99.0,0.0,88.6,14.1
17:46:29,0,0,99.0,0.0,88.6,14.1
17:46:30,0,0,99.0,0.0,88.6,14.1
17:46:31,0,0,99.0,0.0,88.6,14.1
17:46:32,0,0,99.0,0.0,88.8,14.1
17:46:33,0,0,99.0,0.0,89.0,14.1
17:46:34,0,0,99.0,0.0,89.0,14.1
17:46:35,0,0,99.0,0.0,88.7,14.1
17:46:36,0,0,99.0,0.0,88.9,14.1
17:46:37,0,0,99.0,0.0,88.6,14.1
17:46:38,0,0,99.0,0.0,88.6,14.1
17:46:39,0,0,99.0,0.0,89.0,14.1
17:46:40,0,0,99.0,0.0,89.0,14.1
17:46:41,0,0,99.0,0.0,88.9,14.1
17:46:42,0,0,99.0,0.0,88.6,14.1
17:46:43,0,0,99.0,0.0,88.8,14.1
17:46:44,0,0,99.0,0.0,88.7,14.1
17:46:45,0,0,99.0,0.0,88.9,14.1
17:46:46,0,0,99.0,0.0,89.0,14.1
17:46:47,0,0,99.0,0.0,89.0,14.1
17:46:48,0,0,99.0,0.0,89.0,14.1
17:46:49,0,0,99.0,0.0,89.0,14.1
17:46:50,0,0,99.0,0.0,89.0,14.1
17:46:51,0,0,99.0,0.0,89.0,14.1
17:46:52,0,0,99.0,0.0,89.0,14.1
17:46:53,0,0,99.0,0.0,89.0,14.1
17:46:54,0,0,99.0,0.0,89.0,14.1
17:46:55,0,0,99.0,0.0,88.6,14.1
17:46:56,0,0,99.0,0.0,89.0,14.1
17:46:57,0,0,99.0,0.0,88.7,14.1
17:46:58,0,0,99.0,0.0,89.0,14.1
17:46:59,0,0,99.0,0.0,89.0,14.1
17:47:00,0,0,99.0,0.0,89.0,14.1
17:47:01,0,0,99.0,0.0,89.0,14.1
17:47:02,0,0,99.0,0.0,89.0,14.1
17:47:03,0,0,99.0,0.0,89.0,14.1
17:47:04,0,0,99.0,0.0,88.9,14.1
17:47:05,0,0,99.0,0.0,88.8,14.1
17:47:06,0,0,99.0,0.0,89.0,14.1
17:47:07,0,0,99.0,0.0,89.0,14.1
17:47:08,0,0,99.0,0.0,89.0,14.1
17:47:09,0,0,99.0,0.0,89.0,14.1
17:47:10,0,0,99.0,0.0,89.0,14.1
17:47:11,0,0,99.0,0.0,89.0,14.1
17:47:12,0,0,99.0,0.0,89.0,14.1
17:47:13,0,0,99.0,0.0,88.8,14.1
17:47:14,0,0,99.0,0.0,88.9,14.1
17:47:15,0,0,99.0,0.0,88.7,14.1
17:47:16,0,0,99.0,0.0,89.0,14.1
17:47:17,0,0,99.0,0.0,89.0,14.8
17:47:18,152,0,107.3,6.12,86.4,15.8
17:47:19,1037,0,97.3,15.02,82.9,21.0
17:47:20,996,4,100.1,15.71,83.1,21.2
17:47:21,1171,10,105.9,14.49,83.1,29.3
17:47:22,1718,15,120.5,23.74,74.4,36.9
17:47:23,1354,18,106.2,21.16,48.2,27.1
17:47:24,1254,21,110.8,17.28,83.5,33.2
17:47:25,1319,23,106.0,19.41,43.1,14.1
17:47:26,1261,22,104.7,9.5,83.5,22.4
17:47:27,1245,21,103.1,10.98,83.5,23.5
17:47:28,1258,21,105.2,12.35,83.5,30.9
17:47:29,1414,24,119.0,20.45,83.5,41.4
17:47:30,1594,27,126.0,19.47,83.5,31.6
17:47:31,1554,27,116.4,15.25,83.5,18.0
17:47:32,1481,25,113.8,13.8,83.5,29.2
17:47:33,1580,27,120.8,19.81,83.5,39.6
17:47:34,1817,32,153.4,33.88,83.5,45.6
17:47:35,2074,36,158.2,37.97,83.5,34.5
17:47:36,1701,38,112.1,24.81,43.1,16.5
17:47:37,1338,36,107.8,12.37,83.5,14.1
17:47:38,1261,34,109.0,11.87,83.5,17.4
17:47:39,1218,33,107.8,11.24,83.5,26.1
17:47:40,1240,33,108.5,13.41,83.5,34.9
17:47:41,1320,35,120.0,19.78,83.5,43.7
17:47:42,1469,39,141.2,25.63,83.5,44.7
17:47:43,1598,43,160.9,29.36,83.5,45.4
17:47:44,1726,47,170.2,32.21,83.5,40.7
17:47:45,1520,49,116.1,25.83,55.2,24.6
17:47:46,1278,49,113.2,17.96,71.4,38.3
17:47:47,1309,50,123.9,16.8,83.5,36.7
17:47:48,1330,52,117.8,13.77,83.5,28.8
17:47:49,1336,52,106.2,11.86,83.5,26.7
17:47:50,1333,52,104.4,11.43,83.5,26.7
17:47:51,1324,52,104.6,11.3,83.5,23.7
17:47:52,1301,51,104.9,12.05,83.5,16.4
17:47:53,1262,49,107.2,11.34,83.5,14.1
17:47:54,1223,47,108.0,11.24,83.5,14.1
17:47:55,1184,46,107.2,10.7,83.5,16.4
17:47:56,1165,45,105.2,11.42,83.5,28.3
17:47:57,1172,45,108.7,12.74,83.5,32.4
17:47:58,1191,46,113.0,13.2,83.5,32.0
17:47:59,1212,47,115.0,13.18,83.5,31.8
17:48:00,1228,48,115.0,12.88,83.5,30.8
17:48:01,1241,48,112.5,12.48,83.5,29.0
17:48:02,1253,49,110.2,12.37,83.5,29.1
17:48:03,1254,49,110.2,12.44,83.5,29.7
17:48:04,1273,49,112.2,12.81,83.5,30.2
17:48:05,1273,49,113.0,12.8,83.5,30.0
17:48:06,1278,50,112.3,12.52,83.5,27.6
17:48:07,1268,50,109.5,11.42,83.5,17.2
17:48:08,1254,49,106.1,10.02,83.5,14.1
17:48:09,1246,48,104.3,10.91,83.5,14.1
17:48:10,1245,48,105.6,10.86,83.5,14.1
17:48:11,1250,48,106.9,10.88,83.5,14.1
17:48:12,1247,48,108.1,10.84,83.5,14.1
17:48:13,1249,48,109.0,10.92,83.5,14.1
17:48:14,1250,48,109.3,11.14,83.5,14.1
17:48:15,1256,49,110.0,10.99,83.5,14.1
17:48:16,1258,49,110.0,11.07,83.5,14.1
17:48:17,1261,49,110.0,11.15,83.5,14.1
17:48:18,1263,49,110.0,11.07,83.5,14.1
17:48:19,1264,49,109.2,11.03,83.5,14.1
17:48:20,1266,49,109.0,11.11,83.5,14.1
17:48:21,1266,49,109.0,11.11,83.5,14.1
17:48:22,1269,49,109.0,11.07,83.5,14.1
17:48:23,1265,49,109.0,11.05,83.5,14.1
17:48:24,1265,49,109.4,11.35,83.5,14.1
17:48:25,1268,49,110.0,11.48,83.5,14.1
17:48:26,1269,49,110.0,11.6,83.5,14.1
17:48:27,1269,49,110.0,11.59,83.5,14.1
17:48:28,1270,49,110.0,11.62,83.5,14.1
17:48:29,1270,49,110.0,11.62,83.5,14.1
17:48:30,1273,49,110.0,11.77,83.5,14.1
17:48:31,1272,50,109.9,11.71,83.5,14.1
17:48:32,1288,50,108.8,11.69,83.5,14.1
17:48:33,1271,50,107.7,11.83,83.5,14.1
17:48:34,1238,49,107.0,11.42,83.5,14.1
17:48:35,1188,46,107.0,10.85,83.5,14.1
17:48:36,1142,45,106.5,10.26,83.5,14.1
17:48:37,1114,44,105.3,10.88,83.5,24.6
17:48:38,1123,44,107.4,12.55,83.5,30.5
17:48:39,1140,44,111.3,12.79,83.5,32.6
17:48:40,1159,45,113.8,12.72,83.5,31.3
17:48:41,1179,46,113.7,12.28,83.5,30.1
17:48:42,1193,46,110.1,11.72,83.5,25.4
17:48:43,1183,46,105.2,9.77,83.5,17.5
17:48:44,1153,45,103.7,9.76,83.5,14.1
17:48:45,1120,44,105.0,10.26,83.5,14.1
17:48:46,1087,43,105.0,9.54,83.5,14.1
17:48:47,1066,42,105.6,9.51,83.5,24.5
17:48:48,1063,41,106.7,9.69,83.5,24.1
17:48:49,1047,41,106.2,9.06,83.5,14.4
17:48:50,1010,39,105.0,8.83,83.5,17.2
17:48:51,979,38,105.0,8.83,83.5,21.4
17:48:52,955,37,105.3,9.01,83.5,26.6
17:48:53,963,37,106.7,11.12,83.5,29.0
17:48:54,934,38,107.5,10.5,83.5,18.1
17:48:55,1086,37,104.8,8.8,83.5,20.2
17:48:56,1342,36,101.7,11.98,83.5,24.8
17:48:57,1339,36,103.2,11.58,83.5,23.9
17:48:58,1339,36,102.3,11.4,83.5,25.6
17:48:59,1353,36,106.4,15.25,83.5,34.7
17:49:00,1439,38,124.0,21.9,83.5,42.7
17:49:01,1566,42,146.7,25.62,83.5,43.3
17:49:02,1451,44,133.3,20.78,80.0,22.0
17:49:03,1133,44,106.6,17.84,76.0,28.5
17:49:04,1160,45,112.2,15.7,83.5,39.6
17:49:05,1205,46,123.7,18.71,83.5,40.3
17:49:06,1242,49,126.2,13.6,83.5,30.5
17:49:07,1225,48,107.9,11.18,83.5,17.7
17:49:08,1201,47,105.7,10.77,83.5,14.1
17:49:09,1165,46,107.0,10.71,83.5,14.1
17:49:10,1136,44,107.0,10.33,83.5,14.1
17:49:11,1103,42,106.3,9.97,83.5,14.1
17:49:12,1071,41,106.0,9.59,83.5,14.1
17:49:13,1041,40,105.1,9.32,83.5,14.1
17:49:14,1011,39,105.0,9.07,83.5,17.9
17:49:15,995,39,105.5,12.92,83.5,33.6
17:49:16,1063,41,112.5,16.71,83.5,43.1
17:49:17,1128,43,119.5,18.3,83.5,44.9
17:49:18,1192,46,127.6,21.55,83.5,46.2
17:49:19,1272,49,138.5,23.7,83.5,46.0
17:49:20,1330,52,150.4,22.05,83.5,45.2
17:49:21,1353,54,124.0,11.62,83.5,24.5
17:49:22,1557,53,111.9,21.96,83.5,23.9
17:49:23,1960,53,129.9,29.02,83.5,37.9
17:49:24,2009,54,138.0,26.97,83.5,40.0
17:49:25,2034,55,138.0,26.76,83.5,39.2
17:49:26,2048,55,136.2,26.9,83.5,38.1
17:49:27,2068,56,144.2,28.61,83.5,40.6
17:49:28,2098,56,140.3,28.86,83.5,39.4
17:49:29,2114,57,138.9,28.6,83.5,39.6
17:49:30,2121,57,141.3,32.17,83.5,41.6
17:49:31,2176,58,188.1,51.97,83.5,49.5
17:49:32,1971,61,148.8,36.89,42.8,33.7
17:49:33,1528,60,113.8,19.65,82.3,36.9
17:49:34,1516,59,115.7,14.24,83.5,24.4
17:49:35,1466,57,109.5,13.57,83.5,18.6
17:49:36,1415,56,115.1,13.49,83.5,23.4
17:49:37,1357,53,115.5,12.62,83.5,16.4
17:49:38,1245,51,112.7,11.42,83.5,14.1
17:49:39,1105,47,109.0,10.38,83.5,14.1
17:49:40,1459,42,108.3,13.79,83.5,17.4
17:49:41,1468,39,111.0,12.89,83.5,27.0
17:49:42,1449,39,112.2,15.31,83.5,33.3
17:49:43,1471,39,123.2,18.6,83.5,37.2
17:49:44,1529,41,136.0,23.2,83.5,40.7
17:49:45,1568,43,136.4,18.56,83.5,28.8
17:49:46,1528,41,116.6,14.57,83.5,14.1
17:49:47,1457,39,114.8,14.38,83.5,14.1
17:49:48,1390,37,112.5,13.21,83.5,14.8
17:49:49,1329,35,110.9,12.56,83.5,19.0
17:49:50,1276,34,110.3,12.16,83.5,21.8
17:49:51,1272,34,108.7,11.24,83.5,26.3
17:49:52,1293,34,108.5,12.25,83.5,29.5
17:49:53,1306,35,109.9,12.14,83.5,14.1
17:49:54,1259,34,109.0,11.68,83.5,18.8
17:49:55,1266,33,107.6,11.8,83.5,27.3
17:49:56,1309,35,111.3,16.02,83.5,38.3
17:49:57,1419,39,125.8,17.41,83.5,39.4
17:49:58,1506,40,117.1,15.53,83.5,33.5
17:49:59,1590,42,126.8,23.77,83.5,41.4
17:50:00,1717,46,155.0,28.64,83.5,43.9
17:50:01,1878,50,163.8,36.13,83.5,45.7
17:50:02,1960,55,165.8,42.06,79.5,35.7
17:50:03,1639,57,118.3,28.39,44.1,37.9
17:50:04,1541,59,146.9,35.81,83.5,50.4
17:50:05,1635,63,159.3,23.22,83.5,40.2
17:50:06,1662,64,124.2,20.08,83.5,36.6
17:50:07,1696,66,143.3,29.42,83.5,45.7
17:50:08,1761,68,180.5,36.49,83.5,46.9
17:50:09,1817,71,161.9,32.78,79.4,41.7
17:50:10,1533,71,114.3,24.14,45.1,20.8
17:50:11,1437,72,117.3,23.6,80.0,44.2
17:50:12,1471,73,139.0,21.59,83.5,41.0
17:50:13,1491,74,132.5,18.14,83.5,38.0
17:50:14,1503,74,127.0,17.81,83.5,37.3
17:50:15,1513,75,127.3,18.14,83.5,37.3
17:50:16,1513,75,128.4,18.09,83.5,37.3
17:50:17,1509,75,128.5,18.09,83.5,37.0
17:50:18,1496,74,123.6,16.84,83.5,33.6
17:50:19,1200,73,116.2,12.32,83.5,15.8
17:50:20,1491,70,110.4,12.16,83.5,14.1
17:50:21,1745,68,115.5,19.0,83.5,17.3
17:50:22,1703,66,117.0,17.21,83.5,31.3
17:50:23,1688,66,116.9,16.29,83.5,30.7
17:50:24,1690,66,117.8,17.18,83.5,33.2
17:50:25,1710,67,126.3,19.51,83.5,35.5
17:50:26,1734,67,126.6,19.55,83.5,35.7
17:50:27,1758,68,125.5,19.98,83.5,35.7
17:50:28,1782,69,125.0,19.97,83.5,35.4
17:50:29,1809,70,125.6,20.41,83.5,36.0
17:50:30,1835,72,126.7,21.07,83.5,36.2
17:50:31,1858,73,127.8,21.69,83.5,36.8
17:50:32,1883,74,128.0,21.89,83.5,35.7
17:50:33,1899,74,124.6,21.14,83.5,33.7
17:50:34,1910,74,122.6,21.46,83.5,35.7
17:50:35,1934,75,132.5,24.51,83.5,39.1
17:50:36,1948,76,131.7,23.01,83.5,23.5
17:50:37,1919,75,120.8,20.75,83.5,17.8
17:50:38,1888,74,120.8,21.72,83.5,27.5
17:50:39,1886,73,133.0,25.58,83.5,39.8
17:50:40,1897,74,147.0,28.47,83.5,42.5
17:50:41,1911,75,150.8,29.79,83.5,43.1
17:50:42,1942,75,156.0,37.49,83.5,45.1
17:50:43,1994,78,186.7,34.21,52.0,37.0
17:50:44,1568,77,109.4,24.34,64.4,33.5
17:50:45,1597,78,148.1,36.88,83.5,49.8
17:50:46,1636,80,164.5,30.9,83.5,43.7
17:50:47,1645,82,133.7,18.63,83.5,35.8
17:50:48,1630,81,114.6,15.93,83.5,29.3
17:50:49,1604,80,111.6,14.96,83.5,15.4
17:50:50,1580,78,115.6,15.06,83.5,22.0
17:50:51,1561,77,112.1,15.48,83.5,31.7
17:50:52,1559,77,124.6,15.89,83.5,31.8
17:50:53,1542,76,116.1,15.4,83.5,14.1
17:50:54,1133,75,115.7,9.79,83.5,14.1
17:50:55,1849,72,112.2,20.31,83.5,14.1
17:50:56,1803,71,118.4,18.99,83.5,14.1
17:50:57,1763,68,119.0,18.12,83.5,15.0
17:50:58,1712,66,114.9,17.04,83.5,14.3
17:50:59,1621,63,114.2,15.76,83.5,14.1
17:51:00,1563,61,115.0,15.69,83.5,18.2
17:51:01,1533,60,120.5,17.54,83.5,37.1
17:51:02,1527,59,130.6,18.85,83.5,37.6
17:51:03,1529,60,129.5,18.45,83.5,38.3
17:51:04,1537,60,131.7,19.8,83.5,38.8
17:51:05,1553,60,141.5,25.21,83.5,41.7
17:51:06,1576,61,146.2,24.52,83.5,42.1
17:51:07,1601,63,144.7,23.83,83.5,43.0
17:51:08,1630,64,146.6,25.59,83.5,42.5
17:51:09,1660,65,146.1,25.88,83.5,42.7
17:51:10,1697,66,147.1,26.39,83.5,42.7
17:51:11,1735,68,151.3,27.32,83.5,44.2
17:51:12,1790,69,170.1,35.45,83.5,46.6
17:51:13,1697,72,154.8,34.05,83.5,26.1
17:51:14,1395,72,113.0,22.81,63.6,32.3
17:51:15,1497,74,138.6,26.97,83.5,47.3
17:51:16,1534,76,151.0,28.49,83.5,42.5
17:51:17,1566,77,151.0,24.77,83.5,43.5
17:51:18,1602,79,151.9,26.53,83.5,45.2
17:51:19,1649,82,184.3,42.6,83.5,52.6
17:51:20,1723,84,220.7,56.74,83.5,56.7
17:51:21,1798,89,221.1,60.13,83.5,56.6
17:51:22,1869,92,223.0,63.61,83.5,56.5
17:51:23,1944,96,219.8,58.37,83.5,55.4
17:51:24,1607,97,157.6,31.28,83.5,17.2
17:51:25,1595,98,137.5,27.44,83.5,47.4
17:51:26,1654,99,160.7,25.15,83.5,41.6
17:51:27,1665,98,127.3,19.82,83.5,37.3
17:51:28,1667,99,128.0,19.69,83.5,37.6
17:51:29,1658,98,118.0,16.71,83.5,27.8
17:51:30,1638,97,116.6,21.54,83.5,14.1
17:51:31,1607,95,121.7,29.6,83.5,14.1
17:51:32,1582,94,120.5,30.17,83.5,14.1
17:51:33,1558,92,119.3,29.36,83.5,14.1
17:51:34,1537,91,118.9,28.3,83.5,27.4
17:51:35,1548,91,133.7,28.02,83.5,46.7
17:51:36,1570,93,165.3,34.65,83.5,50.0
17:51:37,1604,94,192.7,47.12,83.5,52.3
17:51:38,1641,96,200.8,49.62,83.5,52.4
17:51:39,1672,99,201.7,50.51,83.5,51.8
17:51:40,1713,101,198.5,50.96,83.5,50.6
17:51:41,1739,103,192.0,40.08,83.5,48.6
17:51:42,1759,104,162.6,30.86,83.5,43.1
17:51:43,1765,104,137.8,24.55,83.5,41.7
17:51:44,1768,105,140.8,26.28,83.5,42.5
17:51:45,1778,105,156.0,29.88,83.5,44.3
17:51:46,1788,106,162.8,31.92,83.5,45.1
17:51:47,1804,106,173.8,34.64,83.5,46.6
17:51:48,1825,108,187.4,38.4,83.5,48.3
17:51:49,1849,109,193.9,42.46,83.5,49.0
17:51:50,1873,111,195.0,43.58,83.5,49.3
17:51:51,1895,113,197.1,46.22,83.5,49.8
17:51:52,1924,114,200.1,50.61,83.5,50.2
17:51:53,1950,115,201.7,55.1,83.5,50.5
17:51:54,1975,117,203.0,55.91,83.5,50.6
17:51:55,2001,119,200.9,50.26,83.5,49.8
17:51:56,2017,120,191.8,40.68,83.5,47.7
17:51:57,2028,120,179.5,40.21,83.5,46.9
17:51:58,2043,121,175.8,39.38,83.5,46.3
17:51:59,2053,122,174.8,39.44,83.5,45.9
17:52:00,2060,122,172.7,38.96,83.5,45.9
17:52:01,2064,122,168.6,37.68,83.5,44.6
17:52:02,2067,123,160.1,35.59,83.5,44.3
17:52:03,2069,122,160.0,35.62,83.5,44.7
17:52:04,2069,123,164.5,36.64,83.5,45.1
17:52:05,2067,122,166.0,36.82,83.5,44.7
17:52:06,2065,122,161.7,36.56,83.5,42.6
17:52:07,2047,122,134.2,27.01,83.5,35.5
17:52:08,2029,120,117.6,21.01,83.5,32.8
17:52:09,2006,119,116.9,19.96,83.5,26.4
17:52:10,1973,117,117.6,21.6,83.5,14.1
17:52:11,1940,115,127.1,36.96,83.5,14.2
17:52:12,1912,113,128.6,30.16,83.5,15.2
17:52:13,1872,111,124.7,23.72,83.5,14.1
17:52:14,1844,109,125.4,35.92,83.5,14.1
17:52:15,1814,107,124.1,35.09,83.5,14.1
17:52:16,1778,105,122.6,34.39,83.5,14.1
17:52:17,1755,104,117.7,28.26,83.5,29.6
17:52:18,1746,103,118.3,18.96,83.5,35.9
17:52:19,1743,103,138.7,23.4,83.5,41.0
17:52:20,1750,103,153.8,30.36,83.5,43.8
17:52:21,1759,104,159.2,30.18,83.5,43.9
17:52:22,1754,105,143.3,25.21,83.5,35.4
17:52:23,1717,103,118.5,19.42,83.5,17.6
17:52:24,1718,102,122.0,25.74,83.5,14.4
17:52:25,1694,100,122.3,22.38,83.5,14.1
17:52:26,1662,98,122.9,26.38,83.5,22.8
17:52:27,1657,98,126.5,23.58,83.5,40.5
17:52:28,1663,98,151.0,28.45,83.5,44.5
17:52:29,1682,99,172.2,34.12,83.5,46.4
17:52:30,1702,100,185.3,35.9,83.5,47.8
17:52:31,1725,102,187.2,38.0,83.5,48.8
17:52:32,1747,103,185.0,40.11,83.5,47.4
17:52:33,1756,104,154.5,30.84,83.5,40.3
17:52:34,1749,103,128.4,20.97,83.5,36.9
17:52:35,1738,103,124.8,22.41,83.5,38.6
17:52:36,1731,102,158.3,29.85,83.5,45.0
17:52:37,1734,102,173.8,34.9,83.5,46.7
17:52:38,1738,103,184.4,36.69,83.5,47.8
17:52:39,1738,103,187.1,37.97,83.5,47.5
17:52:40,1739,103,178.9,34.84,83.5,46.2
17:52:41,1732,103,166.9,32.18,83.5,45.5
17:52:42,1727,102,176.8,36.55,83.5,47.8
17:52:43,1731,102,194.3,49.48,83.5,50.9
17:52:44,1744,103,207.2,54.58,83.5,53.5
17:52:45,1760,104,213.0,57.04,83.5,55.6
17:52:46,1774,105,222.8,60.3,83.5,59.2
17:52:47,1797,107,231.4,62.71,83.5,60.8
17:52:48,1837,109,229.0,63.62,83.5,60.8
17:52:49,1864,110,230.8,64.96,83.5,61.0
17:52:50,1894,112,230.3,65.77,83.5,61.2
17:52:51,1929,113,230.6,67.78,83.5,61.2
17:52:52,1939,115,190.0,59.71,83.5,40.1
17:52:53,1927,114,160.5,32.0,83.5,17.4
17:52:54,1919,113,194.5,55.72,83.5,14.1
17:52:55,1922,114,203.5,58.65,83.5,14.1
17:52:56,1922,114,204.6,59.54,83.5,14.2
17:52:57,1925,114,205.0,59.82,83.5,14.4
17:52:58,1930,114,204.1,59.6,83.5,14.1
17:52:59,1936,114,205.0,59.62,83.5,14.1
17:53:00,1928,114,188.9,60.33,83.5,14.1
17:53:01,1905,112,133.9,23.14,83.5,14.1
17:53:02,1870,110,123.5,21.49,83.5,14.1
17:53:03,1836,109,136.6,23.0,83.5,14.1
17:53:04,1811,107,144.6,26.06,83.5,14.1
17:53:05,1790,106,146.8,26.64,83.5,14.1
17:53:06,1770,105,147.9,27.93,83.5,14.1
17:53:07,1755,104,163.0,32.21,83.5,14.1
17:53:08,1745,103,185.9,36.76,83.5,14.1
17:53:09,1739,103,198.5,49.02,83.5,14.1
17:53:10,1736,103,197.7,51.65,83.5,14.1
17:53:11,1739,103,200.4,52.42,83.5,14.1
17:53:12,1738,103,203.1,52.96,83.5,14.1
17:53:13,1730,102,202.1,51.01,83.5,14.1
17:53:14,1721,102,190.1,42.18,83.5,14.1
17:53:15,1707,101,171.3,32.32,83.5,14.1
17:53:16,1688,100,156.2,28.27,83.5,14.1
17:53:17,1660,98,142.3,23.95,83.5,14.1
17:53:18,1628,97,132.4,20.54,83.5,14.1
17:53:19,1594,95,123.6,20.18,83.5,14.1
17:53:20,1539,92,110.5,14.31,83.5,14.1
17:53:21,1478,88,107.5,15.64,83.5,14.1
17:53:22,1436,85,114.4,19.88,83.5,14.1
17:53:23,1394,82,114.4,18.25,83.5,14.1
17:53:24,1131,80,116.7,17.37,59.6,19.4
17:53:25,1537,78,115.3,25.31,61.6,43.8
17:53:26,1578,78,174.7,42.26,83.5,59.6
17:53:27,1617,80,221.8,54.74,83.5,61.1
17:53:28,1665,82,224.0,55.68,83.5,61.2
17:53:29,1709,85,226.2,57.88,83.5,61.2
17:53:30,1753,87,227.8,59.88,83.5,61.2
17:53:31,1804,89,228.0,61.68,83.5,61.2
17:53:32,1852,91,228.0,63.69,83.5,61.2
17:53:33,1896,94,228.5,65.4,83.5,61.2
17:53:34,1938,96,229.8,67.18,83.5,61.2
17:53:35,1978,98,229.0,69.3,83.5,59.1
17:53:36,1943,100,202.2,42.57,83.5,36.4
17:53:37,1396,97,125.5,14.35,83.5,23.3
17:53:38,1585,94,120.6,20.08,83.5,38.1
17:53:39,1555,92,132.9,20.84,83.5,38.7
17:53:40,1527,90,138.0,23.07,83.5,39.5
17:53:41,1498,89,143.5,21.85,83.5,40.1
17:53:42,1477,87,145.2,24.05,83.5,40.4
17:53:43,1461,86,151.3,24.1,83.5,44.9
17:53:44,1449,86,174.2,36.82,83.5,52.5
17:53:45,1447,86,196.8,42.32,83.5,53.2
17:53:46,1460,87,181.1,31.07,83.5,46.0
17:53:47,1448,86,146.5,20.45,83.5,40.5
17:53:48,1431,85,121.1,17.5,83.5,35.4
17:53:49,1411,83,137.4,22.33,83.5,37.1
17:53:50,1404,83,146.5,22.98,83.5,40.6
17:53:51,1401,83,155.6,28.8,83.5,48.2
17:53:52,1409,83,177.9,37.45,83.5,52.1
17:53:53,1420,84,194.3,40.51,83.5,54.0
17:53:54,1456,86,200.6,42.63,83.5,54.8
17:53:55,1479,88,192.4,42.01,83.5,51.6
17:53:56,1514,89,191.4,42.35,83.5,53.2
17:53:57,1543,91,208.7,47.97,83.5,58.0
17:53:58,1589,93,219.5,50.95,83.5,60.2
17:53:59,1640,96,222.0,52.96,83.5,60.6
17:54:00,1679,99,222.5,55.5,83.5,60.4
17:54:01,1718,102,224.5,57.21,83.5,60.8
17:54:02,1778,105,226.2,59.57,83.5,61.0
17:54:03,1834,108,227.0,61.5,83.5,61.5
17:54:04,1884,111,227.0,63.76,83.5,61.3
17:54:05,1930,114,227.9,65.74,83.5,60.8
17:54:06,1987,118,220.2,64.43,83.5,55.5
17:54:07,2021,120,195.2,52.19,83.5,50.4
17:54:08,2041,121,175.7,34.97,83.5,45.4
17:54:09,2053,122,155.3,31.2,83.5,37.3
17:54:10,2056,122,119.8,24.72,83.5,17.3
17:54:11,2051,121,119.2,22.6,83.5,14.1
17:54:12,2051,121,125.1,23.21,83.5,14.1
17:54:13,2050,121,129.1,24.07,83.5,14.1
17:54:14,2051,121,136.4,26.7,83.5,14.1
17:54:15,2054,121,147.9,30.18,83.5,14.1
17:54:16,2059,122,147.8,30.59,83.5,14.1
17:54:17,2063,122,149.6,31.69,83.5,14.1
17:54:18,2070,122,152.5,32.94,83.5,14.1
17:54:19,2071,123,156.1,34.34,83.5,14.1
17:54:20,2074,123,159.2,35.33,83.5,14.1
17:54:21,2080,123,160.5,35.9,83.5,14.1
17:54:22,2082,123,163.1,36.95,83.5,14.1
17:54:23,2082,123,167.8,37.92,83.5,14.1
17:54:24,2084,124,173.2,40.02,83.5,14.1
17:54:25,2087,124,178.2,42.1,83.5,14.1
17:54:26,2089,124,184.0,43.62,83.5,14.1
17:54:27,2091,124,187.2,44.5,83.5,14.1
17:54:28,2093,124,190.9,46.01,83.5,14.1
17:54:29,2094,124,191.1,45.93,83.5,14.1
17:54:30,2100,124,189.8,45.49,83.5,14.1
17:54:31,2102,124,187.4,44.94,83.5,14.1
17:54:32,2106,125,185.6,44.35,83.5,14.1
17:54:33,2105,125,182.2,43.61,83.5,14.1
17:54:34,2106,125,181.5,43.02,83.5,14.1
17:54:35,2106,125,183.3,42.97,83.5,14.1
17:54:36,2105,125,185.5,43.98,83.5,14.1
17:54:37,2105,125,187.6,44.24,83.5,14.1
17:54:38,2106,125,184.4,44.21,83.5,14.1
17:54:39,2108,125,185.1,44.26,83.5,14.1
17:54:40,2108,125,187.1,45.04,83.5,14.1
17:54:41,2106,125,191.7,46.38,83.5,14.1
17:54:42,2107,125,190.6,45.58,83.5,14.1
17:54:43,2107,125,189.1,45.22,83.5,14.1
17:54:44,2111,125,186.9,45.13,83.5,14.1
17:54:45,2112,125,186.0,44.64,83.5,14.1
17:54:46,2110,125,186.0,44.82,83.5,14.1
17:54:47,2110,125,186.8,44.84,83.5,14.1
17:54:48,2112,125,186.1,44.68,83.5,14.1
17:54:49,2109,125,176.1,39.74,83.5,14.1
17:54:50,2086,124,143.0,30.73,83.5,14.1
17:54:51,2069,123,122.3,25.23,83.5,14.1
17:54:52,2037,121,112.9,21.41,83.5,14.1
17:54:53,2007,119,108.9,18.72,83.5,14.1
17:54:54,1980,117,110.5,19.51,83.5,14.1
17:54:55,1954,115,119.3,20.67,83.5,14.1
17:54:56,1937,114,128.5,21.99,83.5,14.1
17:54:57,1923,114,130.0,23.39,83.5,14.1
17:54:58,1914,113,133.5,24.68,83.5,14.1
17:54:59,1908,113,138.7,26.14,83.5,14.1
17:55:00,1903,113,142.8,27.21,83.5,14.1
17:55:01,1902,113,145.0,27.53,83.5,14.1
17:55:02,1905,112,146.8,29.05,83.5,14.1
17:55:03,1905,113,149.5,29.92,83.5,14.1
17:55:04,1909,113,148.7,29.34,83.5,14.1
17:55:05,1915,114,150.2,30.09,83.5,14.1
17:55:06,1923,114,151.0,30.46,83.5,14.1
17:55:07,1934,115,161.9,46.96,83.5,14.1
17:55:08,1959,117,198.4,51.11,83.5,14.1
17:55:09,1989,118,192.0,43.21,83.5,14.1
17:55:10,2012,119,190.7,42.57,83.5,14.1
17:55:11,2034,120,183.5,41.37,83.5,14.1
17:55:12,2053,121,173.1,38.81,83.5,14.1
17:55:13,2065,122,165.2,36.65,83.5,14.1
17:55:14,2073,123,160.8,35.42,83.5,14.1
17:55:15,2081,123,157.5,34.9,83.5,14.1
17:55:16,2088,124,157.0,34.78,83.5,14.1
17:55:17,2094,124,158.5,37.32,83.5,14.1
17:55:18,2110,125,185.4,43.73,83.5,14.1
17:55:19,2120,125,194.1,46.13,83.5,14.1
17:55:20,2135,126,188.6,45.82,83.5,14.1
17:55:21,2147,127,188.0,46.22,83.5,14.1
17:55:22,2156,127,187.5,46.27,83.5,14.1
17:55:23,2164,128,185.7,46.54,83.5,14.1
17:55:24,2173,129,185.0,46.42,83.5,14.1
17:55:25,2181,129,183.2,45.57,83.5,14.1
17:55:26,2185,130,180.9,45.54,83.5,14.1
17:55:27,2183,130,180.7,46.01,83.5,14.1
17:55:28,2194,130,186.0,47.55,83.5,14.1
17:55:29,2201,130,181.2,46.63,83.5,14.1
17:55:30,2206,131,176.5,45.15,83.5,14.1
17:55:31,2209,131,172.5,43.65,83.5,14.1
17:55:32,2209,131,168.8,42.44,83.5,14.1
17:55:33,2211,131,166.2,41.47,83.5,14.1
17:55:34,2214,131,162.7,39.94,83.5,14.1
17:55:35,2218,131,159.5,38.74,83.5,14.1
17:55:36,2216,131,157.0,38.36,83.5,14.1
17:55:37,2214,131,157.0,38.2,83.5,14.1
17:55:38,2214,131,156.5,37.65,83.5,14.1
17:55:39,2213,131,154.7,37.1,83.5,14.1
17:55:40,2212,131,151.8,36.0,83.5,14.1
17:55:41,2211,131,150.1,35.53,83.5,14.1
17:55:42,2212,131,148.7,35.17,83.5,14.1
17:55:43,2210,131,145.6,34.21,83.5,14.1
17:55:44,2208,131,144.0,33.3,83.5,14.1
17:55:45,2210,131,143.1,33.0,83.5,14.1
17:55:46,2210,131,140.4,32.43,83.5,14.1
17:55:47,2210,131,137.7,32.1,83.5,14.1
17:55:48,2207,131,137.0,31.63,83.5,14.1
17:55:49,2202,131,136.1,31.21,83.5,14.1
17:55:50,2210,131,136.0,31.28,83.5,14.1
17:55:51,2208,131,135.6,30.84,83.5,14.4
17:55:52,2208,131,133.8,30.14,83.5,14.2
17:55:53,2209,131,131.5,30.0,83.5,14.1
17:55:54,2212,131,128.1,29.24,83.5,14.1
17:55:55,2214,131,123.6,28.14,83.5,14.1
17:55:56,2217,131,121.3,26.56,83.5,14.1
17:55:57,2216,131,118.1,25.14,83.5,14.1
17:55:58,2214,131,116.0,24.29,83.5,14.1
17:55:59,2213,131,116.6,24.07,83.5,14.1
17:56:00,2209,131,116.3,24.02,83.5,14.1
17:56:01,2209,131,117.3,24.35,83.5,14.1
17:56:02,2204,131,117.5,24.61,83.5,14.1
17:56:03,2202,130,117.0,24.33,83.5,14.1
17:56:04,2200,130,117.2,24.1,83.5,14.1
17:56:05,2200,130,118.5,24.45,83.5,14.1
17:56:06,2192,130,120.5,24.79,83.5,14.1
17:56:07,2189,129,123.8,25.8,83.5,14.1
17:56:08,2189,130,126.8,26.56,83.5,14.1
17:56:09,2190,130,127.2,27.14,83.5,14.1
17:56:10,2195,130,127.1,27.0,83.5,14.1
17:56:11,2201,130,126.0,26.46,83.5,14.1
17:56:12,2202,130,125.1,26.34,83.5,14.1
17:56:13,2200,131,125.0,26.19,83.5,14.1
17:56:14,2196,130,125.7,26.72,83.5,14.1
17:56:15,2195,130,128.2,27.78,83.5,14.1
17:56:16,2192,130,132.6,29.25,83.5,14.1
17:56:17,2194,130,138.8,31.21,83.5,14.1
17:56:18,2190,130,141.8,32.86,83.5,14.1
17:56:19,2193,130,152.1,34.88,83.5,14.1
17:56:20,2191,130,152.8,35.26,83.5,14.1
17:56:21,2197,130,148.8,34.91,83.5,14.1
17:56:22,2120,128,135.0,28.77,83.5,14.1
17:56:23,2074,123,128.3,33.21,83.5,14.1
17:56:24,1990,118,128.5,39.64,83.5,14.1
17:56:25,1911,113,124.7,37.72,83.5,14.1
17:56:26,1857,110,123.5,35.89,83.5,14.1
17:56:27,1820,108,122.2,34.66,83.5,14.1
17:56:28,1777,106,121.7,34.12,83.5,14.1
17:56:29,1713,102,120.5,32.46,83.5,14.1
17:56:30,1620,96,119.2,30.42,83.5,14.1
17:56:31,1502,89,116.4,28.08,83.5,14.1
17:56:32,1435,85,114.5,26.1,83.5,14.1
17:56:33,1395,83,113.3,24.97,83.5,14.1
17:56:34,1368,81,112.0,24.31,83.5,14.1
17:56:35,1338,79,111.0,23.6,83.5,14.1
17:56:36,1310,77,111.0,22.84,83.5,14.1
17:56:37,1170,70,109.9,20.36,83.5,14.1
17:56:38,902,55,107.0,9.12,83.5,14.1
17:56:39,903,45,105.0,8.54,83.5,14.1
17:56:40,897,36,104.2,8.22,83.5,14.1
17:56:41,896,27,104.0,8.18,83.5,14.1
17:56:42,899,19,104.0,8.16,83.5,14.1
17:56:43,899,13,104.0,8.18,83.5,14.1
17:56:44,899,8,104.0,8.31,83.5,14.1
17:56:45,900,4,104.0,8.21,83.5,14.1
17:56:46,850,2,104.0,7.84,83.5,14.1
17:56:47,780,1,103.2,7.35,83.5,14.1
17:56:48,768,0,102.1,7.28,83.5,14.1
17:56:49,769,0,102.0,7.03,83.5,16.4
17:56:50,1007,0,102.9,10.37,83.5,21.4
17:56:51,1066,5,108.4,13.16,83.5,23.1
17:56:52,1515,13,121.2,24.37,83.5,36.8
17:56:53,2081,19,124.2,41.08,78.7,30.4
17:56:54,1720,22,111.5,26.91,40.5,26.8
17:56:55,1408,24,118.5,16.88,83.5,38.5
17:56:56,1499,26,117.9,15.3,83.5,30.6
17:56:57,1523,26,109.7,14.18,83.5,23.6
17:56:58,1465,25,106.6,13.0,83.5,17.5
17:56:59,1384,23,111.4,16.66,83.5,24.8
17:57:00,1363,23,105.4,13.23,83.5,30.3
17:57:01,1441,24,115.2,17.72,83.5,36.6
17:57:02,1571,27,130.5,20.76,83.5,39.0
17:57:03,1708,29,135.4,22.71,83.5,39.6
17:57:04,1866,32,147.4,27.16,83.5,43.1
17:57:05,1997,34,139.7,27.28,83.5,34.6
17:57:06,1960,34,114.3,21.06,83.5,14.1
17:57:07,1790,31,122.9,28.43,83.5,14.1
17:57:08,1597,28,121.3,30.81,83.5,14.1
17:57:09,1413,24,116.9,26.32,83.5,14.1
17:57:10,1244,21,112.9,22.2,83.5,14.1
17:57:11,1079,18,109.6,18.64,83.5,14.1
17:57:12,932,15,106.4,14.53,83.5,14.1
17:57:13,848,14,104.4,8.15,83.5,14.1
17:57:14,839,14,104.0,8.36,83.5,14.1
17:57:15,862,15,104.8,8.9,83.5,14.1
17:57:16,892,15,105.1,9.13,83.5,14.1
17:57:17,916,15,106.0,9.01,83.5,14.1
17:57:18,920,16,106.0,8.83,83.5,14.1
17:57:19,912,15,106.0,8.78,83.5,14.1
17:57:20,902,15,106.0,8.62,83.5,14.1
17:57:21,894,15,106.0,8.48,83.5,14.1
17:57:22,894,15,106.0,8.65,83.5,14.1
17:57:23,900,15,106.0,8.74,83.5,14.1
17:57:24,899,15,106.0,9.0,83.5,15.0
17:57:25,947,16,106.8,10.32,83.5,23.5
17:57:26,1026,17,108.8,11.32,83.5,23.5
17:57:27,1083,18,110.3,10.74,83.5,23.3
17:57:28,1130,19,106.5,10.57,83.5,23.1
17:57:29,1160,20,104.6,10.45,83.5,23.1
17:57:30,1171,20,103.5,9.89,83.5,20.0
17:57:31,1130,20,101.2,9.52,83.5,18.5
17:57:32,1039,18,101.5,9.47,83.5,23.6
17:57:33,1043,18,105.6,10.66,83.5,28.9
17:57:34,1115,19,109.9,11.12,83.5,30.3
17:57:35,1182,20,108.8,11.3,83.5,29.6
17:57:36,1218,21,107.2,10.75,83.5,27.5
17:57:37,1196,21,103.2,10.23,83.5,22.9
17:57:38,1116,19,99.5,9.11,83.5,21.5
17:57:39,1044,18,101.2,8.61,83.5,21.3
17:57:40,992,17,104.3,8.86,83.5,22.3
17:57:41,973,16,106.5,9.43,83.5,23.8
17:57:42,988,16,107.8,9.88,83.5,25.5
17:57:43,999,17,108.0,10.36,83.5,26.4
17:57:44,999,17,108.3,10.36,83.5,29.0
17:57:45,1030,17,109.0,10.36,83.5,29.0
17:57:46,1030,17,109.0,9.66,83.5,27.8
17:57:47,1032,17,109.0,9.66,83.5,24.3
17:57:48,1036,18,109.0,9.55,83.5,24.3
17:57:49,1036,18,109.0,9.44,83.5,23.1
17:57:50,987,17,108.0,9.2,83.5,22.7
17:57:51,975,16,108.0,8.22,83.5,21.7
17:57:52,975,16,107.0,8.22,83.5,19.6
17:57:53,870,15,105.0,8.22,83.5,19.6
17:57:54,870,15,105.0,8.49,83.5,19.6
17:57:55,870,15,105.0,8.49,83.5,14.1
17:57:56,1011,13,105.0,8.49,83.5,14.1
17:57:57,1011,12,105.0,8.38,83.5,14.5
17:57:58,1011,12,104.7,8.38,83.5,15.7
17:57:59,874,9,104.0,8.38,83.5,15.7
17:58:00,874,8,104.0,9.52,83.5,15.7
17:58:01,874,8,103.8,9.52,83.5,26.3
17:58:02,1250,10,103.0,9.52,83.5,26.3
17:58:03,1250,11,103.0,10.41,83.5,25.5
17:58:04,1250,11,101.5,10.41,83.5,24.3
17:58:05,1249,11,100.0,10.41,83.5,24.3
17:58:06,1249,11,100.0,12.94,83.5,26.4
17:58:07,1349,11,110.0,12.94,83.5,32.5
17:58:08,1649,15,120.0,15.23,83.5,32.5
17:58:09,1649,15,120.0,17.52,83.5,32.3
17:58:10,1937,17,120.0,20.31,83.5,32.2
17:58:11,1937,17,120.0,24.49,83.5,23.2
17:58:12,1708,17,118.0,24.49,83.5,14.1
17:58:13,1020,17,116.0,19.08,83.5,14.1
17:58:14,1020,17,116.0,13.66,83.5,26.4
17:58:15,1090,17,112.7,13.66,83.5,32.5
17:58:16,1230,21,111.0,11.93,83.5,32.5
17:58:17,1230,21,108.8,10.77,83.5,27.5
17:58:18,1244,21,102.0,10.98,83.5,27.5
17:58:19,1244,21,102.0,11.63,83.5,28.8
17:58:20,1286,21,108.6,11.63,83.5,31.4
17:58:21,1350,23,113.0,13.26,83.5,31.4
17:58:22,1350,23,113.0,14.08,83.5,38.5
17:58:23,1496,25,128.2,14.08,83.5,42.0
17:58:24,1593,27,132.0,16.86,83.5,42.0
17:58:25,1593,27,132.0,16.86,83.5,27.5
17:58:26,1557,26,106.0,16.86,83.5,27.5
17:58:27,1545,26,106.0,14.55,83.5,27.5
17:58:28,1549,26,109.6,14.55,83.5,31.4
17:58:29,1564,27,115.0,15.78,83.5,31.4
17:58:30,1564,27,115.0,18.24,83.5,36.7
17:58:31,1658,27,135.7,18.24,83.5,42.0
17:58:32,1847,32,146.0,26.48,83.5,42.0
17:58:33,1847,32,146.0,34.72,83.5,44.6
17:58:34,1645,34,99.0,34.72,83.5,45.5
17:58:35,1544,37,99.0,31.43,83.5,45.5
17:58:36,1544,37,127.5,30.33,83.5,54.1
17:58:37,1805,46,213.0,38.88,83.5,54.1
17:58:38,1805,49,213.0,64.52,83.5,49.7
17:58:39,1873,49,174.5,64.52,83.5,40.8
17:58:40,2076,56,136.0,51.83,83.5,40.8
17:58:41,2076,56,136.0,26.44,83.5,27.4
17:58:42,2031,56,126.0,26.44,83.5,14.1
17:58:43,1942,51,121.0,32.27,83.5,14.1
17:58:44,1942,51,121.0,36.16,83.5,14.1
17:58:45,1730,48,123.0,36.16,83.5,14.1
17:58:46,1659,44,123.0,29.99,83.5,14.1
17:58:47,1596,44,119.0,29.99,83.5,14.1
17:58:48,1405,37,115.0,27.86,83.5,14.1
17:58:49,1405,37,115.0,23.61,83.5,14.1
17:58:50,1298,36,111.2,23.61,83.5,14.1
17:58:51,1191,32,110.0,14.06,83.5,14.1
17:58:52,1164,32,108.4,10.88,83.5,14.1
17:58:53,1057,28,106.0,12.72,83.5,14.1
17:58:54,1057,28,106.0,16.41,83.5,23.2
17:58:55,1033,28,107.6,16.41,83.5,32.2
17:58:56,1017,27,108.0,15.02,83.5,32.2
17:58:57,1017,27,107.8,15.02,83.5,14.1
17:58:58,1052,27,107.0,15.02,83.5,14.1
17:58:59,1052,27,107.0,11.19,83.5,18.5
17:59:00,1052,27,109.3,11.19,83.5,31.8
17:59:01,1116,29,114.0,11.19,83.5,31.8
17:59:02,1116,30,114.0,15.47,83.5,32.5
17:59:03,1144,30,114.0,15.47,83.5,34.5
17:59:04,1229,33,114.0,12.92,83.5,34.5
17:59:05,1229,33,114.0,10.36,83.5,19.2
17:59:06,1131,33,107.0,10.36,83.5,14.1
17:59:07,1033,27,107.0,10.68,83.5,14.1
17:59:08,1033,27,108.6,10.99,83.5,32.3
17:59:09,1149,30,115.0,10.7,83.5,36.9
17:59:10,1149,31,113.7,9.83,83.5,21.7
17:59:11,1073,29,107.0,10.09,83.5,14.1
17:59:12,1073,28,107.0,10.86,83.5,23.0
17:59:13,1097,29,111.0,10.86,83.5,31.8
17:59:14,1113,30,112.0,9.52,83.5,24.7
17:59:15,1042,28,107.2,9.52,83.5,14.1
17:59:16,995,26,106.0,15.74,83.5,14.1
17:59:17,905,24,104.0,14.31,83.5,14.1
17:59:18,878,23,104.0,8.58,83.5,14.1
17:59:19,847,23,104.0,8.19,83.5,14.1
17:59:20,858,23,104.0,7.8,83.5,14.1
17:59:21,916,17,104.0,8.23,83.5,14.1
17:59:22,913,17,104.0,8.52,83.5,14.1
17:59:23,902,12,104.0,8.41,83.5,14.1
17:59:24,902,12,104.0,8.19,83.5,14.1
17:59:25,900,10,104.0,8.2,83.5,14.1
17:59:26,900,10,103.8,8.24,83.5,14.1
17:59:27,900,8,103.0,8.21,83.5,14.1
17:59:28,900,8,103.0,8.16,83.5,14.4
17:59:29,888,8,104.0,8.16,83.5,14.5
17:59:30,884,8,104.0,10.19,83.5,19.8
17:59:31,1217,10,103.0,10.46,83.5,25.1
17:59:32,1300,11,103.0,11.55,83.5,25.1
17:59:33,1424,12,102.0,11.87,83.5,25.1
17:59:34,1455,13,102.0,13.16,83.5,26.1
17:59:35,1569,14,110.0,13.49,83.5,26.7
17:59:36,1598,14,109.5,14.83,83.5,25.9
17:59:37,1626,14,107.0,14.31,83.5,25.5
17:59:38,1626,14,107.0,13.52,83.5,17.0
17:59:39,1253,12,109.0,14.16,83.5,14.1
17:59:40,1160,10,109.0,16.72,83.5,14.1
17:59:41,904,8,104.0,15.07,83.5,14.1
17:59:42,840,6,104.0,8.47,83.5,14.1
17:59:43,888,3,104.0,8.21,83.5,14.1
17:59:44,897,2,104.0,7.69,83.5,14.1
17:59:45,796,1,102.0,7.52,83.5,14.1
17:59:46,771,0,102.0,6.86,83.5,14.1
17:59:47,770,0,101.0,6.86,83.5,14.1
17:59:48,770,0,101.0,6.84,83.5,14.1
17:59:49,770,0,101.0,6.83,83.5,14.1
17:59:50,769,0,101.0,6.95,83.5,14.1
17:59:51,769,0,101.0,6.97,83.5,14.1
17:59:52,769,0,101.0,6.97,83.5,14.1
17:59:53,770,0,101.0,6.97,83.5,14.1
17:59:54,770,0,101.0,8.05,83.5,14.1
17:59:55,804,0,102.6,8.41,83.5,17.3
17:59:56,939,9,105.0,13.96,83.5,19.0
17:59:57,1229,10,111.6,16.74,83.5,27.5
17:59:58,1664,15,116.0,15.96,83.5,27.4
17:59:59,1740,15,110.4,15.8,83.5,27.1
18:00:00,1791,16,109.0,17.83,83.5,30.2
18:00:01,2021,18,126.5,17.85,83.5,34.9
18:00:02,2136,19,130.0,17.97,83.5,29.3
18:00:03,1427,21,110.0,17.1,83.5,25.5
18:00:04,1250,22,109.0,13.61,83.5,25.0
18:00:05,1387,24,104.0,12.83,83.5,24.7
18:00:06,1387,24,103.6,11.66,83.5,25.3
18:00:07,1441,25,102.0,12.44,83.5,25.5
18:00:08,1441,25,107.8,13.61,83.5,36.8
18:00:09,1687,28,131.0,16.23,73.0,39.6
18:00:10,1687,29,131.0,20.16,31.0,29.9
18:00:11,1254,30,104.0,19.18,31.0,26.7
18:00:12,1146,31,104.0,15.27,83.5,34.2
18:00:13,1286,34,122.0,16.44,83.5,39.2
18:00:14,1321,36,122.0,21.13,83.5,44.7
18:00:15,1531,40,163.6,21.13,83.5,50.2
18:00:16,1671,46,174.0,22.47,83.5,44.7
18:00:17,1782,48,138.0,22.47,83.5,36.5
18:00:18,1856,50,129.0,22.66,83.5,38.4
18:00:19,1970,52,169.5,22.66,83.5,41.2
18:00:20,2083,57,183.0,32.51,52.0,38.4
18:00:21,1946,57,149.5,34.97,31.0,27.1
18:00:22,1535,60,116.0,26.9,44.1,27.1
18:00:23,1535,60,115.6,18.83,83.5,16.7
18:00:24,1564,61,114.0,23.47,83.5,14.1
18:00:25,1556,61,115.2,28.11,83.5,14.1
18:00:26,1524,59,117.0,27.62,83.5,14.1
18:00:27,1515,59,116.2,27.3,83.5,14.1
18:00:28,1479,57,115.0,26.51,83.5,14.1
18:00:29,1471,57,114.2,25.99,83.5,14.1
18:00:30,1437,56,113.0,25.22,83.5,14.1
18:00:31,1396,55,111.8,24.83,83.5,14.1
18:00:32,1334,52,111.0,23.1,83.5,14.1
18:00:33,1334,52,110.6,22.24,83.5,14.1
18:00:34,1211,48,109.0,21.31,83.5,14.1
18:00:35,1202,47,108.3,19.91,83.5,14.1
18:00:36,1159,45,107.0,19.56,83.5,14.1
18:00:37,1159,45,106.8,19.22,83.5,14.1
18:00:38,1136,44,106.0,18.95,83.5,14.1
18:00:39,1136,44,106.0,18.55,83.5,14.1
18:00:40,1132,44,106.0,18.55,83.5,14.1
18:00:41,1131,44,106.0,18.72,83.5,14.1
18:00:42,1130,44,106.0,18.72,83.5,14.1
18:00:43,1129,44,106.0,18.79,83.5,14.1
18:00:44,1126,44,106.0,18.8,83.5,14.1
18:00:45,1124,44,106.0,18.45,83.5,14.1
18:00:46,1041,43,105.4,18.36,83.5,14.1
18:00:47,916,38,105.0,10.67,83.5,14.1
18:00:48,910,37,104.0,8.11,83.5,14.1
18:00:49,898,30,103.0,8.17,83.5,14.1
18:00:50,898,30,103.0,8.19,83.5,14.1
18:00:51,898,30,103.0,8.1,83.5,14.1
18:00:52,898,30,103.0,8.05,83.5,14.1
18:00:53,898,29,103.0,8.15,83.5,14.1
18:00:54,898,29,103.0,8.22,83.5,14.1
18:00:55,899,28,103.0,8.29,83.5,14.1
18:00:56,899,28,103.0,8.33,83.5,14.1
18:00:57,899,27,103.0,8.35,83.5,14.1
18:00:58,899,27,103.0,8.36,83.5,14.1
18:00:59,900,23,103.0,8.33,83.5,14.1
18:01:00,900,23,103.0,8.3,83.5,14.1
18:01:01,899,20,103.0,8.27,83.5,14.1
18:01:02,899,19,103.0,8.19,83.5,14.1
18:01:03,900,14,103.0,8.2,83.5,14.1
18:01:04,900,13,103.0,8.22,83.5,14.1
18:01:05,899,12,103.0,8.23,83.5,14.1
18:01:06,899,12,103.0,8.27,83.5,14.1
18:01:07,898,9,103.0,8.24,83.5,14.1
18:01:08,898,8,103.0,8.16,83.5,14.1
18:01:09,900,5,103.0,8.23,83.5,14.1
18:01:10,900,4,103.0,8.33,83.5,14.1
18:01:11,795,1,103.0,6.58,83.5,14.1
18:01:12,795,0,103.0,1.33,13.7,14.1
18:01:13,159,0,48.0,1.06,13.7,14.1
18:01:14,0,0,56.3,0.0,80.0,14.1
18:01:15,0,0,98.0,0.0,80.0,14.1
18:01:16,0,0,98.0,0.0,87.2,14.1
18:01:17,0,0,98.0,0.0,89.0,14.1
18:01:18,0,0,98.0,0.0,89.0,14.1
18:01:19,0,0,98.0,0.0,89.0,14.1
18:01:20,0,0,98.0,0.0,89.0,14.1
18:01:21,0,0,98.0,0.0,89.0,14.1
18:01:22,0,0,98.0,0.0,89.0,14.1
18:01:23,0,0,98.0,0.0,89.0,14.1
18:01:24,0,0,98.0,0.0,89.0,14.1
18:01:25,0,0,98.0,0.0,89.0,14.1
18:01:26,0,0,98.0,0.0,89.0,14.1
18:01:27,0,0,98.0,0.0,89.0,14.1
18:01:28,0,0,98.0,0.0,89.0,14.1
18:01:29,0,0,98.0,0.0,89.0,14.1
18:01:30,0,0,98.0,0.0,89.0,14.1
18:01:31,0,0,98.0,0.0,89.0,14.1
18:01:32,0,0,98.0,0.0,89.0,14.1
18:01:33,0,0,98.0,0.0,89.0,14.1
18:01:34,0,1,98.0,0.0,89.0,14.1
18:01:35,25,1,98.0,0.0,89.0,14.1
18:01:36,124,2,98.0,8.66,86.6,14.1
18:01:37,124,2,98.2,14.44,83.1,14.1
18:01:38,816,2,99.0,11.32,83.1,14.1
18:01:39,795,2,100.0,8.19,83.1,14.1
18:01:40,754,2,101.0,7.05,83.1,14.1
18:01:41,759,2,101.0,6.77,83.1,14.1
18:01:42,774,1,101.0,6.75,83.1,14.1
18:01:43,774,1,101.0,6.74,83.1,14.1
18:01:44,772,0,101.0,6.86,83.1,14.1
18:01:45,772,0,101.0,6.94,83.1,14.1
18:01:46,772,0,101.0,6.8,83.1,14.1
18:01:47,771,0,101.0,6.77,83.1,14.1
18:01:48,770,0,101.0,6.79,83.1,14.1
18:01:49,771,0,101.0,6.8,83.1,14.1
18:01:50,774,3,101.0,6.85,83.1,14.5
18:01:51,871,4,102.2,6.88,83.1,16.5
18:01:52,1016,9,103.0,9.42,83.1,16.5
18:01:53,1016,9,103.0,10.69,83.1,24.2
18:01:54,1469,12,107.0,12.0,83.1,26.7
18:01:55,1560,14,108.4,14.61,83.1,26.4
18:01:56,1864,16,114.0,16.1,83.1,26.3
18:01:57,1864,17,114.4,18.33,83.1,23.7
18:01:58,1147,18,116.0,16.65,83.1,23.1
18:01:59,1147,19,114.0,11.63,83.1,19.4
18:02:00,1254,21,104.0,14.73,83.1,17.6
18:02:01,1254,21,104.8,19.38,83.1,21.7
18:02:02,1291,22,108.0,16.62,83.1,22.7
18:02:03,1329,22,106.7,12.49,83.1,25.4
18:02:04,1518,26,104.0,13.16,83.1,25.9
18:02:05,1518,26,104.0,13.83,83.1,24.4
18:02:06,1673,28,106.0,14.31,83.1,23.9
18:02:07,1712,29,106.0,16.22,83.1,18.0
18:02:08,1691,29,115.0,19.04,83.1,14.1
18:02:09,1686,29,115.0,30.3,83.1,14.1
18:02:10,1629,28,116.0,30.3,83.1,14.1
18:02:11,1610,27,116.0,28.3,83.1,14.1
18:02:12,1558,27,114.0,28.3,83.1,14.1
18:02:13,1506,26,113.0,26.47,83.1,14.7
18:02:14,1476,25,112.0,23.54,83.1,15.3
18:02:15,1469,25,112.0,11.83,83.1,20.0
18:02:16,1544,26,114.0,12.52,83.1,23.1
18:02:17,1563,27,114.0,15.27,83.1,23.1
18:02:18,1606,28,116.0,16.86,83.1,23.1
18:02:19,1617,28,115.7,23.22,83.1,21.6
18:02:20,1582,27,114.0,19.32,83.1,20.8
18:02:21,1604,27,115.0,15.41,83.1,22.4
18:02:22,1648,28,116.0,16.47,83.1,21.5
18:02:23,1641,28,115.4,16.74,83.1,18.0
18:02:24,1631,28,115.0,26.64,83.1,17.4
18:02:25,1611,28,114.4,29.11,83.1,14.9
18:02:26,1580,27,114.0,15.64,83.1,16.9
18:02:27,1575,27,113.2,12.94,83.1,20.8
18:02:28,1572,27,113.0,18.97,83.1,18.1
18:02:29,1518,26,113.0,18.97,83.1,14.1
18:02:30,1482,25,113.0,25.58,83.1,14.1
18:02:31,1385,24,111.4,25.58,83.1,14.1
18:02:32,1321,22,111.0,20.52,83.1,14.1
18:02:33,1075,19,106.2,20.52,83.1,14.1
18:02:34,911,15,105.0,8.11,83.1,14.1
18:02:35,908,15,104.2,8.11,83.1,14.1
18:02:36,897,9,103.0,8.18,83.1,14.1
18:02:37,898,8,103.0,8.22,83.1,14.1
18:02:38,900,5,103.0,8.02,83.1,14.1
18:02:39,844,3,103.0,8.02,83.1,14.1
18:02:40,807,0,103.0,7.02,83.1,14.1
18:02:41,784,0,102.2,7.02,83.1,14.1
18:02:42,768,0,102.0,7.05,83.1,14.1
18:02:43,769,0,101.2,7.05,83.1,14.1
18:02:44,769,1,101.0,6.66,83.1,14.1
18:02:45,770,2,101.0,6.66,83.1,14.1
18:02:46,770,3,101.0,7.05,83.1,14.1
18:02:47,770,3,101.0,7.05,83.1,14.1
18:02:48,770,3,101.0,7.1,83.1,14.1
18:02:49,769,1,101.0,6.64,83.1,14.1
18:02:50,546,0,63.1,1.62,13.7,14.1
18:02:51,108,0,40.5,0.72,13.7,14.1
18:02:52,0,0,57.5,0.0,47.1,14.1
18:02:53,0,0,98.0,0.0,83.6,14.1
18:02:54,0,0,98.0,0.0,86.4,14.1
18:02:55,0,0,98.0,0.0,89.0,14.1
18:02:56,0,0,98.0,0.0,89.0,14.1
18:02:57,0,0,98.0,0.0,89.0,14.1
18:02:58,0,0,99.0,0.0,89.0,14.1
18:02:59,896,0,99.0,0.0,89.0,14.1
18:03:00,896,12,99.0,0.0,89.0,14.1
18:03:01,896,12,99.0,0.0,89.0,14.1
18:03:02,896,12,99.0,3.94,89.0,14.1
18:03:03,896,12,99.0,7.88,89.0,14.1
18:03:04,896,12,99.0,7.88,83.1,14.1
18:03:05,896,12,99.0,7.88,83.1,14.1
18:03:06,896,12,99.0,7.88,83.1,14.1
18:03:07,896,12,99.0,7.88,83.1,14.1
18:03:08,896,12,99.0,7.88,83.1,14.1
18:03:09,896,12,103.0,7.88,83.1,14.1
18:03:10,900,12,103.0,7.88,83.1,14.1
18:03:11,900,21,103.0,7.88,83.1,14.1
18:03:12,900,21,103.0,7.88,83.1,14.1
18:03:13,900,21,103.0,8.11,83.1,14.1
18:03:14,900,21,103.0,8.11,83.1,14.1
18:03:15,900,21,103.0,8.11,83.1,14.1
18:03:16,900,21,103.0,8.11,83.1,14.1
18:03:17,900,21,103.0,8.11,83.1,14.1
18:03:18,900,21,103.0,8.11,83.1,14.1
18:03:19,900,21,103.0,8.11,83.1,14.1
18:03:20,902,18,103.0,8.14,83.1,14.1
18:03:21,902,17,103.0,8.22,83.1,14.1
18:03:22,901,18,103.0,8.22,83.1,14.1
18:03:23,901,19,103.0,8.24,83.1,14.1
18:03:24,874,21,103.0,8.56,83.1,17.6
18:03:25,906,24,104.5,9.34,83.1,20.1
18:03:26,999,26,105.8,9.42,83.1,21.5
18:03:27,1080,28,106.6,9.52,83.1,20.8
18:03:28,1161,31,102.7,9.83,83.1,20.8
18:03:29,1217,32,100.2,10.04,83.1,17.8
18:03:30,1235,33,102.3,11.6,83.1,14.1
18:03:31,1241,33,105.9,20.69,83.1,14.1
18:03:32,1246,33,107.0,20.97,83.1,14.1
18:03:33,1251,33,107.7,21.05,83.1,14.1
18:03:34,1257,34,108.0,21.19,83.1,14.1
18:03:35,1264,34,108.0,21.26,83.1,14.1
18:03:36,1268,34,108.0,21.52,83.1,14.1
18:03:37,1272,34,108.0,21.62,83.1,14.1
18:03:38,1279,34,108.0,21.68,83.1,14.1
18:03:39,1215,34,107.8,19.64,83.1,14.1
18:03:40,1119,29,106.1,10.12,83.1,14.1
18:03:41,1340,24,106.4,17.19,83.1,14.1
18:03:42,1136,20,108.4,19.6,83.1,14.1
18:03:43,919,13,106.1,8.29,83.1,14.1
18:03:44,910,9,104.4,8.49,83.1,14.1
18:03:45,901,7,103.2,8.1,83.1,14.1
18:03:46,898,7,103.0,8.01,83.1,14.1
18:03:47,893,8,103.0,8.03,83.1,14.1
18:03:48,900,10,103.0,8.15,83.1,17.1
18:03:49,1194,10,101.7,9.78,83.1,22.9
18:03:50,1468,12,102.7,12.77,83.1,26.6
18:03:51,1686,14,112.8,15.63,83.1,25.9
18:03:52,1784,16,115.4,17.14,83.1,15.3
18:03:53,1607,14,116.6,26.56,83.1,14.1
18:03:54,1442,12,114.1,25.71,83.1,16.2
18:03:55,1279,11,110.8,22.42,83.1,18.1
18:03:56,1206,10,108.6,11.24,83.1,21.5
18:03:57,1294,12,108.6,12.1,83.1,23.0
18:03:58,1453,12,108.4,13.12,83.1,25.1
18:03:59,1609,14,105.5,14.17,83.1,25.3
18:04:00,1744,15,108.2,15.63,83.1,25.0
18:04:01,1833,16,110.5,16.81,83.1,24.0
18:04:02,1879,16,111.0,17.56,83.1,23.5
18:04:03,1910,17,110.3,18.15,83.1,23.0
18:04:04,1898,17,110.0,18.23,83.1,21.7
18:04:05,1788,16,116.4,17.87,83.1,22.7
18:04:06,1751,15,119.3,17.69,83.1,24.5
18:04:07,1839,16,119.6,17.91,83.1,26.7
18:04:08,1934,17,109.6,18.1,83.1,25.1
18:04:09,1577,18,112.3,12.93,83.1,18.4
18:04:10,991,19,110.8,16.24,83.1,16.0
18:04:11,1092,19,106.5,14.67,83.1,18.9
18:04:12,1093,18,105.4,9.69,83.1,19.9
18:04:13,1129,19,105.7,10.45,83.1,21.7
18:04:14,1194,20,106.8,10.97,83.1,23.0
18:04:15,1273,22,107.9,11.64,83.1,25.0
18:04:16,1392,24,104.4,12.54,83.1,27.0
18:04:17,1519,26,107.8,13.21,83.1,25.9
18:04:18,1608,27,106.3,14.05,83.1,24.6
18:04:19,1679,28,107.3,15.29,83.1,26.3
18:04:20,1750,30,110.5,16.01,83.1,25.7
18:04:21,1800,31,109.1,16.78,83.1,22.0
18:04:22,1815,31,105.8,16.97,83.1,20.9
18:04:23,1792,30,112.4,17.6,83.1,14.1
18:04:24,1745,30,116.7,25.5,83.1,14.1
18:04:25,1699,29,116.9,28.05,83.1,17.4
18:04:26,1692,29,116.5,18.69,83.1,24.0
18:04:27,1734,30,116.3,14.58,83.1,26.0
18:04:28,1800,31,108.6,16.5,83.1,26.4
18:04:29,1838,32,110.3,16.99,83.1,17.4
18:04:30,1804,31,115.0,21.78,83.1,14.1
18:04:31,1690,29,117.0,31.42,83.1,14.1
18:04:32,1510,26,115.1,27.38,83.1,14.1
18:04:33,1396,23,112.5,24.54,83.1,14.7
18:04:34,1344,23,110.2,18.22,83.1,18.6
18:04:35,1326,22,109.0,13.26,83.1,21.3
18:04:36,1335,23,109.4,12.53,83.1,22.3
18:04:37,1371,23,111.3,12.67,83.1,23.1
18:04:38,1406,24,112.4,13.12,83.1,23.1
18:04:39,1440,24,113.0,13.55,83.1,23.1
18:04:40,1475,25,113.5,14.0,83.1,23.1
18:04:41,1519,25,110.2,14.48,83.1,25.3
18:04:42,1572,27,105.1,13.89,83.1,24.6
18:04:43,1614,28,103.2,13.75,83.1,23.6
18:04:44,1657,29,104.8,14.43,83.1,24.5
18:04:45,1696,29,108.2,15.09,83.1,24.6
18:04:46,1726,29,109.0,15.4,83.1,23.7
18:04:47,1738,30,109.4,15.79,83.1,21.0
18:04:48,1705,30,112.3,17.48,83.1,15.6
18:04:49,1643,29,115.0,29.71,83.1,14.1
18:04:50,1584,28,114.4,28.71,83.1,14.1
18:04:51,1524,26,113.3,27.41,83.1,14.1
18:04:52,1464,25,112.2,26.17,83.1,14.1
18:04:53,1406,24,111.1,24.89,83.1,14.1
18:04:54,1351,23,109.9,23.56,83.1,14.1
18:04:55,1291,22,109.0,22.38,83.1,14.1
18:04:56,1244,21,108.7,18.02,83.1,18.4
18:04:57,1244,21,108.0,12.23,83.1,22.3
18:04:58,1284,22,106.2,10.64,83.1,24.7
18:04:59,1359,23,104.0,11.99,83.1,26.2
18:05:00,1427,24,104.6,12.87,83.1,24.5
18:05:01,1432,24,106.5,13.48,83.1,20.8
18:05:02,1418,24,109.7,13.19,83.1,23.8
18:05:03,1466,25,107.2,13.74,83.1,27.2
18:05:04,1557,27,109.9,14.08,83.1,28.2
18:05:05,1640,28,115.6,14.66,83.1,32.5
18:05:06,1767,30,123.6,20.81,83.1,36.1
18:05:07,1614,32,125.0,20.01,83.5,20.1
18:05:08,1228,34,114.9,11.74,83.5,31.1
18:05:09,1359,36,118.5,18.06,83.5,39.0
18:05:10,1458,39,126.7,16.69,83.5,36.4
18:05:11,1528,41,117.1,15.71,83.5,32.2
18:05:12,1583,42,116.3,16.32,83.5,32.7
18:05:13,1631,44,119.7,17.34,83.5,33.7
18:05:14,1692,45,122.7,18.04,83.5,33.2
18:05:15,1735,46,121.0,18.61,83.5,32.4
18:05:16,1769,47,119.4,18.5,83.5,32.2
18:05:17,1804,49,120.5,19.37,83.5,34.1
18:05:18,1843,50,123.4,20.35,83.5,33.3
18:05:19,1879,51,119.8,18.6,83.5,30.0
18:05:20,1889,51,112.6,17.74,83.5,28.6
18:05:21,1891,51,111.0,17.61,83.5,23.0
18:05:22,1858,50,114.7,23.48,83.5,14.7
18:05:23,1806,48,119.5,33.52,83.5,14.1
18:05:24,1761,47,118.8,32.77,83.5,14.1
18:05:25,1708,46,117.7,31.83,83.5,14.1
18:05:26,1656,45,116.5,30.5,83.5,14.1
18:05:27,1607,43,115.3,29.33,83.5,14.1
18:05:28,1561,42,114.8,28.25,83.5,14.1
18:05:29,1512,41,113.7,26.9,83.5,14.1
18:05:30,1446,39,112.4,25.56,83.5,14.1
18:05:31,1027,36,111.2,15.94,83.5,14.1
18:05:32,893,33,106.8,8.16,83.5,14.1
18:05:33,915,31,104.8,8.4,83.5,14.1
18:05:34,1178,29,104.0,9.99,83.5,16.8
18:05:35,1600,27,107.2,23.28,83.5,20.4
18:05:36,1526,26,112.8,15.56,83.5,23.8
18:05:37,1456,25,113.2,15.22,83.5,14.1
18:05:38,1313,22,111.9,19.96,83.5,14.1
18:05:39,1100,19,109.2,19.12,83.5,14.1
18:05:40,983,17,106.2,15.85,83.5,17.0
18:05:41,913,16,104.4,8.43,83.5,19.0
18:05:42,874,14,103.9,8.34,83.5,14.2
18:05:43,859,14,103.0,8.09,83.5,14.3
18:05:44,898,15,103.0,8.06,83.5,14.1
18:05:45,932,14,103.7,8.32,83.5,14.1
18:05:46,897,13,104.0,8.46,83.5,14.8
18:05:47,849,14,104.0,8.8,83.5,15.7
18:05:48,914,16,104.7,8.74,83.5,14.6
18:05:49,945,16,105.0,8.65,83.5,18.0
18:05:50,974,16,105.4,9.43,83.5,22.4
18:05:51,1054,18,107.3,10.24,83.5,25.6
18:05:52,1150,20,106.2,10.9,83.5,27.4
18:05:53,1247,21,106.4,11.32,83.5,28.4
18:05:54,1312,22,107.6,11.71,83.5,27.6
18:05:55,1363,23,108.0,11.94,83.5,27.5
18:05:56,1412,24,108.4,12.55,83.5,27.5
18:05:57,1455,25,109.0,13.0,83.5,27.5
18:05:58,1495,26,109.9,13.25,83.5,27.2
18:05:59,1526,26,110.0,13.51,83.5,26.7
18:06:00,1543,26,109.4,13.81,83.5,26.1
18:06:01,1542,26,107.3,13.51,83.5,23.9
18:06:02,1510,26,102.7,13.17,83.5,23.6
18:06:03,1494,25,105.2,13.24,83.5,28.2
18:06:04,1522,26,114.8,14.07,83.5,30.3
18:06:05,1542,27,114.5,14.58,83.5,21.9
18:06:06,1445,25,111.9,15.55,83.5,14.1
18:06:07,1325,23,112.3,23.34,83.5,14.1
18:06:08,1193,20,110.0,21.0,83.5,14.1
18:06:09,942,17,107.8,12.13,83.5,14.1
18:06:10,902,14,105.4,8.62,83.5,14.1
18:06:11,895,11,104.2,8.32,83.5,14.1
18:06:12,897,9,104.0,8.46,83.5,14.1
18:06:13,912,7,104.0,8.25,83.5,19.4
18:06:14,1045,8,104.4,9.86,83.5,26.7
18:06:15,1323,11,108.0,13.99,83.5,31.8
18:06:16,1666,14,120.5,18.78,83.5,36.9
18:06:17,1632,17,120.2,17.54,83.5,14.4
18:06:18,1128,16,113.9,12.06,83.5,19.5
18:06:19,1004,17,110.3,12.38,83.5,29.3
18:06:20,1106,19,109.9,11.19,83.5,30.3
18:06:21,1236,21,110.5,13.89,83.5,33.6
18:06:22,1376,23,117.3,15.11,83.5,33.2
18:06:23,1448,25,115.1,14.61,83.5,29.1
18:06:24,1446,25,107.7,12.58,83.5,21.5
18:06:25,1362,23,107.2,13.28,83.5,19.9
18:06:26,1271,22,109.0,16.5,83.5,24.3
18:06:27,1270,22,105.4,11.01,83.5,26.8
18:06:28,1322,23,106.5,12.56,83.5,32.1
18:06:29,1396,24,115.2,14.7,83.5,33.7
18:06:30,1482,25,121.7,16.28,83.5,33.2
18:06:31,1551,27,118.3,16.33,83.5,31.1
18:06:32,1583,27,115.0,15.0,83.5,30.7
18:06:33,1621,28,115.4,14.89,83.5,30.9
18:06:34,1644,28,115.1,15.14,83.5,28.6
18:06:35,1640,28,110.7,14.54,83.5,26.6
18:06:36,1620,28,108.0,14.19,83.5,26.7
18:06:37,1605,27,108.0,14.07,83.5,26.7
18:06:38,1593,27,108.9,13.9,83.5,26.9
18:06:39,1579,27,109.0,13.71,83.5,27.5
18:06:40,1570,27,110.0,13.53,83.5,27.2
18:06:41,1547,27,109.5,13.24,83.5,22.1
18:06:42,1454,25,108.1,13.02,83.5,20.1
18:06:43,1372,23,111.7,12.99,83.5,23.6
18:06:44,1322,23,113.5,12.36,83.5,23.9
18:06:45,1298,22,109.9,12.01,83.5,26.9
18:06:46,1313,22,105.5,11.6,83.5,27.5
18:06:47,1332,23,105.0,11.59,83.5,27.1
18:06:48,1348,23,105.8,11.8,83.5,27.2
18:06:49,1361,23,106.1,11.82,83.5,27.4
18:06:50,1370,23,107.0,11.84,83.5,27.1
18:06:51,1375,23,107.0,11.97,83.5,27.1
18:06:52,1378,23,107.4,12.07,83.5,27.1
18:06:53,1381,23,108.0,12.07,83.5,27.1
18:06:54,1382,24,108.0,11.99,83.5,27.4
18:06:55,1385,24,108.0,11.96,83.5,27.5
18:06:56,1387,24,108.7,12.0,83.5,27.6
18:06:57,1392,24,109.8,12.19,83.5,28.4
18:06:58,1404,24,111.1,12.29,83.5,29.1
18:06:59,1422,24,112.2,12.5,83.5,29.4
18:07:00,1436,24,113.0,12.6,83.5,29.6
18:07:01,1451,25,113.4,12.81,83.5,29.8
18:07:02,1464,25,114.0,12.83,83.5,29.8
18:07:03,1481,25,114.0,13.06,83.5,29.8
18:07:04,1497,25,114.0,13.29,83.5,30.2
18:07:05,1511,26,114.0,13.46,83.5,30.2
18:07:06,1525,26,114.8,13.64,83.5,30.7
18:07:07,1541,26,115.0,14.01,83.5,31.2
18:07:08,1560,27,117.1,14.64,83.5,31.7
18:07:09,1581,27,117.8,14.85,83.5,31.4
18:07:10,1595,27,117.0,14.72,83.5,31.4
18:07:11,1611,28,117.0,14.82,83.5,31.4
18:07:12,1622,28,117.0,14.82,83.5,31.4
18:07:13,1627,28,116.4,14.78,83.5,31.4
18:07:14,1634,28,116.0,14.9,83.5,31.4
18:07:15,1640,28,116.0,15.08,83.5,31.4
18:07:16,1643,28,116.0,14.98,83.5,31.4
18:07:17,1646,28,116.0,15.06,83.5,31.4
18:07:18,1647,28,116.0,14.96,83.5,31.4
18:07:19,1646,28,116.0,14.97,83.5,31.4
18:07:20,1646,28,116.0,14.92,83.5,31.4
18:07:21,1644,28,116.0,14.9,83.5,31.4
18:07:22,1642,28,116.0,14.92,83.5,31.4
18:07:23,1642,28,117.0,14.95,83.5,31.5
18:07:24,1640,28,117.2,14.97,83.5,32.0
18:07:25,1648,28,118.0,15.38,83.5,32.2
18:07:26,1705,29,127.7,21.01,83.5,40.6
18:07:27,1869,32,153.0,30.03,74.0,43.9
18:07:28,1531,33,116.8,23.29,47.5,17.9
18:07:29,1253,33,112.9,20.9,81.7,42.2
18:07:30,1359,37,136.5,27.01,83.5,50.4
18:07:31,1442,39,135.3,18.66,83.5,36.4
18:07:32,1449,39,114.1,13.94,83.5,29.0
18:07:33,1393,38,107.5,12.05,83.5,14.1
18:07:34,1299,35,110.3,16.65,83.5,14.1
18:07:35,1197,32,109.9,20.51,83.5,16.1
18:07:36,1095,29,107.5,11.64,83.5,22.2
18:07:37,1055,28,107.1,9.75,83.5,28.8
18:07:38,1058,28,110.4,13.13,83.5,33.4
18:07:39,1074,28,113.2,12.94,83.5,33.8
18:07:40,1092,29,114.8,11.91,83.5,31.6
18:07:41,1095,29,110.2,10.24,83.5,25.5
18:07:42,1040,28,107.5,8.94,83.5,18.2
18:07:43,960,26,106.0,8.74,83.5,19.8
18:07:44,907,24,106.0,11.94,83.5,24.3
18:07:45,896,24,106.8,9.92,83.5,28.5
18:07:46,909,24,108.0,10.17,83.5,28.0
18:07:47,912,24,108.0,10.05,83.5,28.0
18:07:48,922,24,108.6,9.94,83.5,26.7
18:07:49,892,24,107.8,8.71,83.5,20.4
18:07:50,843,22,105.0,8.06,83.5,14.1
18:07:51,802,21,104.5,7.91,83.5,14.1
18:07:52,939,20,104.0,8.88,83.5,14.1
18:07:53,947,19,105.0,8.82,83.5,14.1
18:07:54,930,16,104.5,8.4,83.5,17.6
18:07:55,918,15,104.7,9.2,83.5,25.2
18:07:56,967,16,107.3,12.58,83.5,32.8
18:07:57,1117,19,111.7,14.46,83.5,35.7
18:07:58,1234,21,117.5,16.17,83.5,37.8
18:07:59,1348,23,124.0,17.29,83.5,37.2
18:08:00,1459,25,127.5,17.31,83.5,35.6
18:08:01,1519,26,120.8,16.31,83.5,32.5
18:08:02,1530,26,115.7,15.45,83.5,31.5
18:08:03,1524,26,114.3,15.22,83.5,32.2
18:08:04,1529,26,115.9,15.88,83.5,33.7
18:08:05,1591,27,126.2,21.65,83.5,41.1
18:08:06,1735,29,147.4,27.99,83.5,42.8
18:08:07,1938,33,149.8,30.78,83.5,42.3
18:08:08,1771,35,120.2,23.46,60.3,20.4
18:08:09,1335,34,106.7,20.53,51.2,39.5
18:08:10,1331,36,127.5,21.59,83.5,44.5
18:08:11,1415,38,142.7,23.79,83.5,43.0
18:08:12,1484,40,142.8,22.22,83.5,40.6
18:08:13,1523,41,130.4,19.01,83.5,38.2
18:08:14,1544,41,126.7,18.07,83.5,37.9
18:08:15,1567,42,130.0,19.94,83.5,38.4
18:08:16,1585,43,130.1,19.31,83.5,37.0
18:08:17,1595,43,122.5,17.11,83.5,34.7
18:08:18,1588,43,119.9,17.43,83.5,34.4
18:08:19,1576,42,119.5,16.23,83.5,32.5
18:08:20,1544,42,113.8,15.55,83.5,28.7
18:08:21,1462,40,110.5,14.76,83.5,17.4
18:08:22,1401,37,113.3,17.58,83.5,23.9
18:08:23,1333,36,107.1,12.65,83.5,26.1
18:08:24,1271,34,104.5,11.61,83.5,17.4
18:08:25,1178,32,107.3,14.83,83.5,15.9
18:08:26,1103,29,107.0,12.07,83.5,21.8
18:08:27,1022,27,107.0,8.98,83.5,21.8
18:08:28,964,26,106.6,8.92,83.5,20.0
18:08:29,905,23,105.5,7.89,83.5,15.4
18:08:30,870,20,104.4,7.8,83.5,14.1
18:08:31,884,16,104.0,8.11,83.5,14.1
18:08:32,891,11,104.0,8.14,83.5,14.1
18:08:33,897,5,104.0,8.23,83.5,14.1
18:08:34,876,2,103.9,8.07,83.5,14.1
18:08:35,789,0,103.0,7.3,83.5,16.6
18:08:36,897,0,103.0,8.97,83.5,19.6
18:08:37,879,4,106.0,11.18,83.5,19.7
18:08:38,1142,9,108.0,13.31,83.5,22.7
18:08:39,1426,12,116.6,15.63,83.5,32.2
18:08:40,1645,15,120.2,19.24,83.5,32.5
18:08:41,1798,16,120.0,19.24,83.5,30.6
18:08:42,1822,16,115.0,17.04,83.5,29.1
18:08:43,1769,16,110.8,16.01,83.5,27.5
18:08:44,1748,15,111.4,15.24,83.5,30.0
18:08:45,1775,16,115.0,17.78,83.5,32.0
18:08:46,1917,17,122.7,20.06,83.5,34.5
18:08:47,2028,17,129.3,23.22,83.5,38.8
18:08:48,2301,21,140.0,33.65,83.5,35.4
18:08:49,1970,21,129.3,38.86,83.5,14.1
18:08:50,1640,20,124.0,12.97,83.5,25.1
18:08:51,1443,23,124.0,15.09,83.5,36.1
18:08:52,1458,24,126.0,17.91,83.5,36.5
18:08:53,1553,27,128.0,18.35,83.5,35.7
18:08:54,1612,28,121.1,18.02,83.5,34.1
18:08:55,1634,28,118.3,16.97,83.5,33.1
18:08:56,1632,28,116.0,16.55,83.5,32.1
18:08:57,1612,27,114.3,15.56,83.5,30.6
18:08:58,1595,27,112.7,13.27,83.5,29.9
18:08:59,1571,27,111.0,13.48,83.5,30.2
18:09:00,1555,26,113.6,13.57,83.5,31.0
18:09:01,1546,26,114.0,13.69,83.5,31.0
18:09:02,1539,26,114.0,13.67,83.5,31.0
18:09:03,1543,26,114.0,14.7,83.5,31.0
18:09:04,1558,26,118.3,17.8,83.5,35.2
18:09:05,1620,28,127.0,19.69,83.5,36.6
18:09:06,1707,29,132.8,20.68,83.5,38.0
18:09:07,1762,30,131.1,21.88,83.5,35.8
18:09:08,1826,31,124.0,21.03,83.5,34.8
18:09:09,1839,31,122.7,20.61,83.5,34.5
18:09:10,1852,32,122.4,22.47,83.5,35.2
18:09:11,1894,33,125.0,20.82,83.5,35.0
18:09:12,1863,32,116.4,18.74,83.5,30.6
18:09:13,1823,32,112.9,17.05,83.5,29.4
18:09:14,1792,31,112.0,16.44,83.5,29.8
18:09:15,1730,30,115.0,16.14,83.5,30.2
18:09:16,1707,29,116.3,15.55,83.5,31.6
18:09:17,1682,29,118.0,15.64,83.5,32.3
18:09:18,1692,29,120.0,15.66,83.5,34.1
18:09:19,1702,29,121.0,17.91,83.5,33.2
18:09:20,1721,30,121.0,17.0,83.5,32.5
18:09:21,1702,30,116.7,15.63,83.5,29.2
18:09:22,1654,28,111.0,14.06,83.5,23.8
18:09:23,1483,26,112.7,16.49,83.5,14.1
18:09:24,1293,22,112.4,22.32,83.5,14.1
18:09:25,1086,18,109.7,18.23,83.5,14.1
18:09:26,934,15,105.9,11.17,83.5,16.5
18:09:27,872,15,105.0,8.79,83.5,20.8
18:09:28,887,15,105.0,9.01,83.5,20.8
18:09:29,903,15,105.5,8.92,83.5,20.8
18:09:30,911,15,106.0,9.15,83.5,20.8
18:09:31,919,16,106.0,9.21,83.5,20.9
18:09:32,934,16,106.8,9.79,83.5,23.0
18:09:33,988,17,107.9,10.61,83.5,25.5
18:09:34,1039,18,109.0,10.59,83.5,25.5
18:09:35,1071,18,110.9,10.6,83.5,26.5
18:09:36,1125,19,110.2,11.34,83.5,28.4
18:09:37,1176,20,110.3,11.07,83.5,28.3
18:09:38,1201,20,108.5,10.78,83.5,28.2
18:09:39,1228,21,109.1,11.2,83.5,32.7
18:09:40,1295,22,115.1,15.2,83.5,35.2
18:09:41,1401,24,124.5,18.51,83.5,38.0
18:09:42,1539,26,136.0,24.33,83.5,43.0
18:09:43,1779,30,159.7,29.54,75.5,35.0
18:09:44,1378,31,109.2,23.51,67.7,27.0
18:09:45,1231,33,119.2,22.05,80.6,45.7
18:09:46,1338,36,139.1,28.43,83.5,48.1
18:09:47,1440,39,143.0,25.0,83.5,40.3
18:09:48,1473,40,121.1,15.6,83.5,34.7
18:09:49,1489,40,125.3,22.01,83.5,40.7
18:09:50,1530,41,131.2,16.6,83.5,32.1
18:09:51,1477,40,111.5,13.47,83.5,16.7
18:09:52,1407,38,110.5,12.31,83.5,26.1
18:09:53,1362,37,105.6,11.45,83.5,27.5
18:09:54,1328,36,105.0,10.95,83.5,27.5
18:09:55,1303,35,107.0,11.62,83.5,30.2
18:09:56,1289,34,113.0,13.1,83.5,33.9
18:09:57,1294,35,119.5,14.95,83.5,34.9
18:09:58,1305,35,123.2,15.34,83.5,35.6
18:09:59,1322,35,124.8,16.98,83.5,37.2
18:10:00,1373,37,133.2,20.28,83.5,41.6
18:10:01,1435,39,142.1,22.9,83.5,45.1
18:10:02,1529,41,159.5,31.04,83.5,47.1
18:10:03,1642,44,177.5,34.84,83.5,47.6
18:10:04,1759,47,182.5,37.05,83.5,46.7
18:10:05,1832,49,152.7,28.01,83.5,38.1
18:10:06,1785,48,118.0,18.88,83.5,19.3
18:10:07,1666,45,120.6,23.89,83.5,14.1
18:10:08,1399,40,118.8,25.78,83.5,14.1
18:10:09,1082,35,111.8,10.16,83.5,14.1
18:10:10,1509,30,110.8,21.32,83.5,14.1
18:10:11,1499,26,114.6,26.58,83.5,14.1
18:10:12,1303,22,113.1,23.15,83.5,14.1
18:10:13,1133,20,109.9,19.3,83.5,14.8
18:10:14,979,17,107.0,11.61,83.5,20.2
18:10:15,894,15,105.6,8.79,83.5,17.3
18:10:16,878,13,104.3,8.08,83.5,14.1
18:10:17,895,9,103.8,8.18,83.5,14.1
18:10:18,895,4,103.0,8.19,83.5,14.1
18:10:19,858,1,103.0,7.91,83.5,14.1
18:10:20,776,0,102.8,7.23,83.5,14.1
18:10:21,768,0,102.0,7.02,83.5,14.1
18:10:22,769,0,102.0,6.95,83.5,14.9
18:10:23,990,0,101.7,9.65,83.5,20.4
18:10:24,1000,4,106.7,12.41,83.5,22.6
18:10:25,1386,11,115.2,21.54,83.5,35.3
18:10:26,1976,18,132.6,29.16,55.2,31.0
18:10:27,1315,18,102.3,18.59,70.6,25.5
18:10:28,1163,20,111.5,13.41,83.5,33.3
18:10:29,1249,21,115.0,12.84,83.5,30.8
18:10:30,1284,22,109.3,12.0,83.5,27.4
18:10:31,1285,22,105.6,10.66,83.5,26.6
18:10:32,1277,22,103.9,10.56,83.5,26.0
18:10:33,1264,22,103.0,10.53,83.5,25.5
18:10:34,1251,21,103.0,10.48,83.5,25.2
18:10:35,1237,21,102.2,10.45,83.5,25.8
18:10:36,1232,21,103.4,10.46,83.5,26.6
18:10:37,1245,21,105.3,11.1,83.5,28.1
18:10:38,1298,22,111.1,13.89,83.5,34.0
18:10:39,1403,23,120.5,17.36,83.5,37.5
18:10:40,1539,26,131.0,18.76,83.5,37.1
18:10:41,1628,28,124.8,17.65,83.5,32.9
18:10:42,1629,28,112.5,14.65,83.5,21.8
18:10:43,1499,26,111.9,18.35,83.5,14.1
18:10:44,1345,23,113.3,23.22,83.5,14.1
18:10:45,1198,20,111.1,20.46,83.5,14.1
18:10:46,1073,18,108.4,16.39,83.5,18.9
18:10:47,975,17,105.7,8.5,83.5,14.6
18:10:48,898,15,104.2,8.08,83.5,14.1
18:10:49,857,14,104.0,7.93,83.5,14.1
18:10:50,872,15,104.1,8.01,83.5,18.0
18:10:51,959,16,105.5,10.56,83.5,26.7
18:10:52,1085,18,109.0,12.51,83.5,30.0
18:10:53,1230,21,114.6,14.41,83.5,33.3
18:10:54,1377,24,121.9,18.13,83.5,35.3
18:10:55,1469,25,117.3,13.88,83.5,28.6
18:10:56,1483,25,107.5,12.43,83.5,25.6
18:10:57,1457,25,103.1,12.0,83.5,22.2
18:10:58,1409,24,100.4,11.75,83.5,23.9
18:10:59,1375,23,100.8,11.28,83.5,23.6
18:11:00,1324,23,101.2,11.44,83.5,19.6
18:11:01,1213,21,104.2,10.62,83.5,18.6
18:11:02,1180,20,104.5,10.35,83.5,25.2
18:11:03,1209,20,103.4,10.61,83.5,26.0
18:11:04,1220,21,103.5,10.16,83.5,21.0
18:11:05,1144,19,104.1,10.86,83.5,15.0
18:11:06,1055,18,105.6,14.45,83.5,21.6
18:11:07,1051,18,106.7,9.52,83.5,27.5
18:11:08,1107,19,107.0,10.4,83.5,27.9
18:11:09,1189,20,107.0,11.84,83.5,30.6
18:11:10,1287,22,113.5,13.75,83.5,32.9
18:11:11,1390,24,118.8,14.73,83.5,32.9
18:11:12,1467,25,119.9,15.44,83.5,32.2
18:11:13,1510,26,114.8,15.09,83.5,28.7
18:11:14,1515,26,108.8,12.63,83.5,25.2
18:11:15,1489,26,105.1,12.3,83.5,24.3
18:11:16,1469,25,104.7,12.53,83.5,26.7
18:11:17,1491,26,113.2,13.81,83.5,31.2
18:11:18,1543,27,120.5,14.31,83.5,29.7
18:11:19,1550,27,109.4,13.29,83.5,23.1
18:11:20,1499,26,102.8,12.31,83.5,23.5
18:11:21,1461,25,102.0,11.79,83.5,23.9
18:11:22,1435,25,103.8,11.51,83.5,27.7
18:11:23,1459,25,111.5,13.59,83.5,32.1
18:11:24,1564,26,125.2,20.1,83.5,40.8
18:11:25,1724,30,142.6,26.23,69.2,39.5
18:11:26,1337,30,110.2,19.6,49.3,17.0
18:11:27,1140,30,106.1,12.41,82.4,30.3
18:11:28,1154,31,111.4,12.33,83.5,31.2
18:11:29,1183,31,114.3,13.29,83.5,34.8
18:11:30,1231,33,119.5,17.58,83.5,38.2
18:11:31,1273,34,123.3,15.56,83.5,33.8
18:11:32,1284,34,112.0,11.45,83.5,28.2
18:11:33,1281,34,107.1,12.23,83.5,31.7
18:11:34,1280,34,111.3,11.67,83.5,29.3
18:11:35,1255,34,104.4,10.73,83.5,29.4
18:11:36,1255,33,108.7,13.99,83.5,35.2
18:11:37,1278,34,118.5,15.42,83.5,36.1
18:11:38,1293,35,118.9,13.92,83.5,29.6
18:11:39,1287,35,109.6,12.06,83.5,28.7
18:11:40,1299,34,114.3,17.15,83.5,41.2
18:11:41,1340,36,128.8,19.35,66.4,36.4
18:11:42,1312,36,106.5,17.16,54.5,14.1
18:11:43,948,32,109.3,9.99,82.5,14.1
18:11:44,1169,26,104.6,12.78,83.5,14.1
18:11:45,1091,20,102.1,15.25,83.5,14.1
18:11:46,897,14,104.0,8.26,83.5,14.1
18:11:47,898,10,104.0,8.17,83.5,14.1
18:11:48,898,8,103.2,8.16,83.5,14.1
18:11:49,899,6,103.0,8.16,83.5,14.1
18:11:50,899,4,103.0,8.03,83.5,14.1
18:11:51,869,2,103.0,7.57,83.5,15.3
18:11:52,995,1,105.1,13.78,83.5,21.2
18:11:53,1147,7,110.3,16.04,83.5,24.5
18:11:54,1520,13,118.0,20.99,83.5,31.5
18:11:55,1758,16,121.1,18.04,83.5,30.4
18:11:56,1758,16,110.8,16.04,83.5,27.3
18:11:57,1807,15,117.6,19.36,83.5,36.7
18:11:58,1829,17,128.1,21.61,83.5,31.7
18:11:59,1171,18,119.0,15.17,83.5,36.9
18:12:00,1314,22,128.2,25.47,83.5,47.7
18:12:01,1624,27,155.2,31.64,83.5,46.3
18:12:02,1929,33,172.3,35.92,83.5,44.9
18:12:03,2061,36,140.7,26.71,83.5,36.7
18:12:04,2035,35,116.2,21.41,83.5,30.3
18:12:05,1911,33,115.0,17.4,83.5,15.4
18:12:06,1719,30,120.9,24.27,83.5,14.1
18:12:07,1528,27,118.9,28.2,83.5,14.1
18:12:08,1322,23,113.0,19.81,83.5,20.8
18:12:09,1279,22,106.6,12.24,83.5,30.6
18:12:10,1326,22,111.5,15.53,83.5,35.5
18:12:11,1413,24,122.4,16.42,83.5,36.1
18:12:12,1467,25,120.5,14.76,83.5,30.6
18:12:13,1442,25,107.1,12.17,83.5,27.4
18:12:14,1431,25,108.6,13.5,83.5,32.9
18:12:15,1477,25,118.8,16.5,83.5,36.2
18:12:16,1552,26,129.8,20.02,83.5,38.8
18:12:17,1662,28,138.9,23.26,83.5,40.5
18:12:18,1805,31,142.0,25.22,83.5,41.0
18:12:19,1902,32,140.0,25.58,83.5,40.3
18:12:20,1588,33,125.1,17.39,83.5,19.1
18:12:21,1208,32,110.3,10.85,83.5,30.6
18:12:22,1192,32,110.8,13.51,83.5,34.0
18:12:23,1204,32,116.1,13.91,83.5,34.1
18:12:24,1214,33,119.2,14.14,83.5,34.4
18:12:25,1236,33,121.5,16.91,83.5,38.3
18:12:26,1288,34,128.5,20.25,83.5,41.6
18:12:27,1351,36,136.8,21.0,83.5,40.6
18:12:28,1403,37,138.2,20.86,83.5,40.2
18:12:29,1426,38,127.8,17.0,83.5,33.9
18:12:30,1416,38,111.7,13.97,83.5,31.4
18:12:31,1395,37,108.9,13.83,83.5,32.4
18:12:32,1384,37,113.9,15.07,83.5,33.4
18:12:33,1383,37,119.5,15.45,83.5,34.3
18:12:34,1387,37,121.2,15.74,83.5,35.9
18:12:35,1401,38,123.7,17.11,83.5,36.4
18:12:36,1403,38,121.1,15.02,83.5,30.6
18:12:37,1371,36,105.8,11.76,83.5,23.9
18:12:38,1297,35,100.4,10.92,83.5,18.3
18:12:39,1202,32,103.5,13.1,83.5,15.2
18:12:40,1129,30,104.1,14.17,83.5,27.7
18:12:41,1099,29,103.4,10.38,83.5,29.5
18:12:42,1095,29,107.1,12.16,83.5,32.3
18:12:43,1108,29,111.5,13.76,83.5,35.9
18:12:44,1078,30,114.7,15.51,59.6,30.8
18:12:45,1519,28,98.8,15.29,59.6,26.4
18:12:46,1660,28,124.5,25.95,83.5,41.7
18:12:47,1910,33,170.3,37.34,83.5,47.8
18:12:48,2208,37,196.4,52.0,83.5,48.9
18:12:49,2528,43,200.2,71.59,83.5,50.3
18:12:50,2476,46,133.3,63.46,80.3,17.4
18:12:51,1996,48,126.7,36.73,70.7,60.5
18:12:52,1974,52,211.8,63.47,83.5,61.6
18:12:53,2238,59,228.2,79.58,83.5,61.2
18:12:54,2426,66,198.2,57.89,52.1,39.4
18:12:55,1943,65,112.3,32.35,67.5,36.8
18:12:56,1720,67,170.5,46.17,82.9,55.7
18:12:57,1791,70,213.2,57.05,83.5,55.4
18:12:58,1866,73,211.0,59.29,83.5,54.6
18:12:59,1933,75,211.6,61.02,83.5,54.5
18:13:00,1990,78,203.3,59.3,83.5,51.0
18:13:01,2032,79,200.8,47.4,64.4,46.7
18:13:02,2000,79,116.5,30.96,53.8,30.4
18:13:03,1956,76,117.2,24.37,82.5,37.4
18:13:04,1933,75,156.6,32.92,83.5,45.2
18:13:05,1942,76,191.5,40.52,83.5,48.2
18:13:06,1967,76,193.4,43.36,83.5,48.6
18:13:07,1990,77,188.5,42.69,83.5,47.5
18:13:08,2012,78,186.7,45.93,83.5,48.4
18:13:09,2055,80,207.5,57.21,83.5,52.3
18:13:10,1689,80,149.4,31.68,83.5,21.9
18:13:11,1592,79,145.0,31.62,83.5,57.1
18:13:12,1635,81,208.0,49.46,83.5,57.6
18:13:13,1679,83,217.8,53.86,83.5,57.6
18:13:14,1732,85,217.8,55.36,83.5,57.4
18:13:15,1773,87,218.9,57.22,83.5,56.8
18:13:16,1785,89,181.5,42.28,83.5,44.2
18:13:17,1770,88,119.8,16.43,83.5,26.8
18:13:18,1737,86,103.1,15.53,83.5,26.7
18:13:19,1702,84,110.2,15.74,83.5,31.5
18:13:20,1674,83,122.0,17.2,83.5,35.7
18:13:21,1657,82,129.9,21.43,83.5,39.0
18:13:22,1656,82,150.5,25.41,83.5,44.7
18:13:23,1668,82,166.8,38.64,83.5,49.2
18:13:24,1704,84,195.9,49.26,83.5,52.7
18:13:25,1744,86,180.5,52.17,83.5,43.4
18:13:26,1751,87,138.5,29.18,35.8,36.7
18:13:27,1742,87,121.5,18.0,83.5,35.4
18:13:28,1731,85,119.3,18.21,83.5,33.7
18:13:29,1720,85,118.2,17.87,83.5,33.3
18:13:30,1708,85,118.5,17.7,83.5,34.6
18:13:31,1701,84,128.4,22.38,83.5,39.5
18:13:32,1705,84,147.7,26.41,83.5,42.7
18:13:33,1712,85,143.7,25.12,83.5,41.5
18:13:34,1721,85,136.2,22.8,83.5,40.2
18:13:35,1727,85,133.5,22.17,83.5,40.0
18:13:36,1734,86,140.6,25.82,83.5,43.2
18:13:37,1755,87,168.3,34.58,83.5,47.4
18:13:38,1787,88,195.3,45.87,83.5,50.7
18:13:39,1839,91,202.1,55.62,83.5,52.2
18:13:40,1885,93,203.2,57.38,83.5,52.3
18:13:41,1931,95,204.3,59.41,83.5,52.5
18:13:42,1979,98,205.0,61.49,83.5,52.5
18:13:43,2020,100,205.5,63.11,83.5,52.5
18:13:44,2074,102,208.9,65.5,83.5,54.2
18:13:45,2127,106,213.9,69.34,83.5,55.7
18:13:46,2186,108,215.8,71.58,83.5,56.2
18:13:47,2247,110,216.2,74.68,83.5,56.8
18:13:48,2319,115,218.2,77.83,83.5,57.4
18:13:49,2377,117,219.5,80.63,83.5,57.8
18:13:50,2444,121,219.9,82.57,83.5,57.3
18:13:51,2503,124,217.5,84.16,83.5,56.9
18:13:52,2547,126,197.9,78.9,83.5,48.9
18:13:53,2564,128,164.0,49.03,83.5,43.4
18:13:54,2566,127,157.5,47.38,83.5,37.8
18:13:55,2552,126,128.9,40.49,83.5,14.1
18:13:56,2539,126,135.0,37.71,83.5,14.1
18:13:57,2523,125,147.3,41.8,83.5,14.1
18:13:58,2513,125,164.2,51.86,83.5,14.1
18:13:59,2512,124,173.2,55.79,83.5,14.1
18:14:00,2512,124,178.9,57.97,83.5,14.1
18:14:01,2525,125,182.5,60.15,83.5,14.1
18:14:02,2528,125,184.0,61.59,83.5,14.1
18:14:03,2533,125,184.9,62.77,83.5,14.1
18:14:04,2536,126,185.5,62.71,83.5,14.1
18:14:05,2538,126,187.0,64.11,83.5,14.1
18:14:06,2540,126,188.8,66.03,83.5,14.1
18:14:07,2544,126,192.6,67.77,83.5,14.1
18:14:08,2548,126,192.2,67.66,83.5,14.1
18:14:09,2552,127,192.5,67.49,83.5,14.1
18:14:10,2554,127,190.6,67.34,83.5,14.1
18:14:11,2557,127,188.8,65.58,83.5,14.1
18:14:12,2565,127,186.5,64.31,83.5,14.1
18:14:13,2566,127,184.1,62.9,83.5,14.1
18:14:14,2572,128,180.5,61.49,83.5,14.1
18:14:15,2575,128,176.8,59.28,83.5,14.1
18:14:16,2578,128,171.9,56.38,83.5,14.1
18:14:17,2581,128,165.5,54.01,83.5,14.1
18:14:18,2579,128,160.2,51.55,83.5,14.1
18:14:19,2578,128,153.0,49.35,83.5,14.1
18:14:20,2355,127,144.1,37.13,83.5,14.1
18:14:21,2138,126,139.4,29.12,83.5,14.1
18:14:22,2130,126,157.0,35.17,83.5,14.1
18:14:23,2129,126,157.7,35.24,83.5,14.1
18:14:24,2136,126,153.1,34.66,83.5,14.1
18:14:25,2140,127,147.5,32.29,83.5,14.1
18:14:26,2143,127,143.5,31.51,83.5,14.1
18:14:27,2150,127,140.1,30.62,83.5,14.1
18:14:28,2151,127,135.0,29.34,83.5,14.1
18:14:29,2152,127,130.7,28.22,83.5,14.1
18:14:30,2153,127,127.5,27.39,83.5,14.1
18:14:31,2152,127,124.5,26.9,83.5,14.1
18:14:32,2150,127,123.0,26.67,83.5,14.1
18:14:33,2146,127,123.9,26.67,83.5,14.1
18:14:34,2144,127,124.9,26.57,83.5,14.1
18:14:35,2143,127,127.0,27.05,83.5,14.1
18:14:36,2145,127,126.2,26.79,83.5,14.1
18:14:37,2145,127,126.0,26.91,83.5,14.1
18:14:38,2143,127,126.0,27.02,83.5,14.1
18:14:39,2143,127,126.0,26.98,83.5,14.1
18:14:40,2137,127,127.7,27.06,83.5,14.1
18:14:41,2141,127,127.6,27.27,83.5,14.1
18:14:42,2149,127,126.4,27.06,83.5,14.1
18:14:43,2149,127,126.0,26.96,83.5,14.1
18:14:44,2147,127,125.7,26.75,83.5,14.1
18:14:45,2148,127,124.5,26.66,83.5,14.1
18:14:46,2146,127,124.8,26.41,83.5,14.1
18:14:47,2142,127,126.0,26.98,83.5,14.1
18:14:48,2140,127,127.0,27.14,83.5,14.1
18:14:49,2137,126,129.3,27.23,83.5,14.1
18:14:50,2139,127,137.5,36.93,83.5,14.1
18:14:51,2172,128,214.5,64.04,83.5,14.1
18:14:52,2217,131,225.3,78.78,83.5,14.1
18:14:53,2281,134,228.2,81.39,83.5,14.1
18:14:54,2322,138,229.0,83.09,83.5,14.1
18:14:55,2339,141,228.2,85.15,83.5,14.1
18:14:56,2424,143,223.8,84.51,83.5,14.1
18:14:57,2462,146,217.3,82.97,83.5,14.1
18:14:58,2485,147,212.9,82.45,83.5,14.1
18:14:59,2508,148,210.1,82.12,83.5,14.1
18:15:00,2530,150,209.0,66.25,83.5,14.1
18:15:01,2495,148,155.0,41.73,83.5,14.1
18:15:02,2372,141,143.0,46.08,83.5,14.1
18:15:03,2203,132,134.5,45.59,83.5,14.1
18:15:04,2092,125,128.6,41.63,83.5,14.1
18:15:05,2040,121,124.6,39.48,83.5,14.1
18:15:06,2003,119,122.7,38.09,83.5,14.1
18:15:07,1973,117,121.6,28.77,83.5,22.4
18:15:08,1956,116,123.3,21.07,83.5,33.9
18:15:09,1946,115,136.4,27.27,83.5,41.3
18:15:10,1952,115,161.5,40.89,83.5,47.3
18:15:11,1983,117,207.4,67.22,83.5,62.0
18:15:12,2030,120,225.9,71.03,83.5,61.6
18:15:13,2072,122,227.0,73.26,83.5,61.6
18:15:14,2119,125,227.0,74.75,83.5,61.6
18:15:15,2179,128,227.0,76.34,83.5,61.6
18:15:16,2221,131,227.0,77.77,83.5,61.6
18:15:17,2271,134,226.6,78.9,83.5,61.6
18:15:18,2317,137,226.0,80.73,83.5,61.6
18:15:19,2365,140,226.0,82.66,83.5,61.3
18:15:20,2409,143,225.3,83.55,83.5,60.0
18:15:21,2450,145,217.6,82.36,83.5,55.2
18:15:22,2477,147,212.4,80.54,83.5,55.0
18:15:23,2510,149,214.1,82.3,83.5,55.3
18:15:24,2540,150,200.6,84.12,83.5,46.4
18:15:25,2530,151,136.3,42.27,83.5,23.9
18:15:26,2500,149,139.2,50.36,83.5,14.1
18:15:27,2466,146,141.6,52.37,83.5,14.1
18:15:28,2436,144,138.4,51.12,83.5,14.1
18:15:29,2408,143,135.1,49.75,83.5,14.1
18:15:30,2390,141,133.2,40.63,83.5,17.7
18:15:31,2364,140,116.6,27.97,83.5,25.2
18:15:32,2344,139,125.0,30.99,83.5,26.0
18:15:33,2361,139,158.8,46.72,83.5,46.5
18:15:34,2372,140,176.5,51.85,83.5,46.1
18:15:35,2395,142,177.3,52.11,83.5,46.2
18:15:36,2416,143,172.4,51.32,83.5,45.1
18:15:37,2432,144,150.0,40.16,83.5,38.9
18:15:38,2439,144,126.7,32.66,83.5,35.1
18:15:39,2443,145,124.9,32.56,83.5,35.3
18:15:40,2446,145,126.8,33.07,83.5,32.5
18:15:41,2441,145,119.7,31.87,83.5,18.0
18:15:42,2425,144,129.9,44.24,83.5,14.1
18:15:43,2399,142,133.7,48.99,83.5,14.1
18:15:44,2380,141,132.3,48.08,83.5,14.1
18:15:45,2358,140,127.8,45.55,83.5,26.4
18:15:46,2353,140,136.0,33.59,83.5,39.7
18:15:47,2363,139,150.5,40.91,83.5,42.3
18:15:48,2372,141,161.2,46.21,83.5,43.8
18:15:49,2375,141,151.3,40.98,83.5,40.4
18:15:50,2370,141,134.1,33.82,83.5,36.3
18:15:51,2377,141,133.2,40.43,83.5,39.5
18:15:52,2394,141,180.4,56.81,83.5,48.7
18:15:53,2411,143,206.8,74.96,83.5,51.9
18:15:54,2436,144,206.1,78.63,83.5,52.4
18:15:55,2462,146,205.1,78.65,83.5,50.8
18:15:56,2482,148,204.0,76.24,83.5,51.0
18:15:57,2502,149,204.8,76.04,83.5,51.4
18:15:58,2520,150,205.0,77.49,83.5,51.4
18:15:59,2535,151,195.9,69.15,83.5,47.1
18:16:00,2524,150,149.7,45.81,83.5,39.9
18:16:01,2497,148,133.1,30.61,83.5,20.7
18:16:02,2455,146,132.0,38.68,83.5,14.1
18:16:03,2411,143,136.3,50.69,83.5,14.1
18:16:04,2367,141,133.6,48.96,83.5,14.1
18:16:05,2325,138,131.3,47.16,83.5,14.1
18:16:06,2277,135,128.8,45.67,83.5,14.1
18:16:07,2230,132,126.6,44.24,83.5,14.1
18:16:08,2191,131,124.7,43.0,83.5,14.1
18:16:09,2136,126,123.6,41.6,83.5,14.1
18:16:10,2081,124,122.5,40.29,83.5,14.1
18:16:11,2025,120,121.4,38.58,83.5,14.1
18:16:12,1959,116,119.5,36.96,83.5,14.1
18:16:13,1836,109,119.0,34.66,83.5,14.1
18:16:14,1671,101,118.9,31.58,83.5,14.1
18:16:15,1206,92,115.5,20.66,83.5,14.1
18:16:16,1426,87,109.2,16.36,83.5,14.1
18:16:17,1376,82,112.8,27.45,83.5,14.1
18:16:18,1665,77,112.5,27.94,83.5,14.1
18:16:19,1849,73,119.1,34.44,83.5,14.1
18:16:20,1711,68,119.8,32.56,83.5,14.1
18:16:21,1390,60,117.6,27.22,83.5,14.1
18:16:22,1079,54,110.7,15.33,83.5,14.1
18:16:23,1607,49,109.4,18.86,83.5,14.1
18:16:24,1599,44,116.0,27.91,83.5,14.1
18:16:25,1436,39,114.5,25.46,83.5,14.1
18:16:26,1321,35,111.6,23.02,83.5,14.1
18:16:27,1216,33,109.6,20.93,83.5,14.1
18:16:28,1037,29,107.1,15.53,83.5,14.1
18:16:29,1156,27,104.7,10.32,83.5,14.1
18:16:30,1403,25,107.5,20.22,83.5,14.1
18:16:31,1229,22,109.2,20.08,83.5,14.1
18:16:32,896,19,106.3,8.71,83.5,14.1
18:16:33,962,19,104.0,8.59,83.5,14.1
18:16:34,1006,17,103.0,11.42,83.5,14.1
18:16:35,926,15,103.8,12.18,83.5,14.1
18:16:36,889,15,103.1,8.19,83.5,14.1
18:16:37,880,15,103.0,7.95,83.5,14.1
18:16:38,888,15,103.0,7.97,83.5,14.1
18:16:39,898,15,103.0,8.26,83.5,14.1
18:16:40,907,15,103.0,8.35,83.5,14.1
18:16:41,916,15,103.4,8.37,83.5,19.8
18:16:42,978,16,104.6,9.57,83.5,22.7
18:16:43,1059,18,106.0,9.48,83.5,22.7
18:16:44,1119,19,105.1,9.7,83.5,22.7
18:16:45,1144,19,100.2,9.77,83.5,21.5
18:16:46,1108,19,101.1,9.53,83.5,14.1
18:16:47,1021,18,104.0,15.68,83.5,14.1
18:16:48,947,17,104.0,13.21,83.5,16.1
18:16:49,898,15,103.1,8.05,83.5,19.9
18:16:50,902,15,103.0,8.32,83.5,20.6
18:16:51,922,15,103.0,8.52,83.5,20.5
18:16:52,935,16,103.1,8.73,83.5,20.3
18:16:53,932,16,103.6,8.56,83.5,19.8
18:16:54,911,16,103.0,8.31,83.5,17.1
18:16:55,874,15,102.9,8.04,83.5,14.1
18:16:56,876,15,102.0,8.12,83.5,14.1
18:16:57,882,15,102.6,8.13,83.5,14.5
18:16:58,915,15,103.1,8.64,83.5,20.3
18:16:59,991,16,104.3,9.72,83.5,22.6
18:17:00,1050,18,105.5,9.27,83.5,16.1
18:17:01,1013,17,105.2,10.26,83.5,18.8
18:17:02,964,16,104.7,12.11,83.5,20.2
18:17:03,964,16,104.0,9.03,83.5,20.4
18:17:04,974,16,104.0,8.95,83.5,20.8
18:17:05,983,17,104.0,8.95,83.5,20.8
18:17:06,987,17,104.0,9.06,83.5,20.8
18:17:07,990,17,104.0,8.95,83.5,20.8
18:17:08,993,17,104.0,8.99,83.5,21.1
18:17:09,996,17,104.0,8.81,83.5,21.2
18:17:10,1000,17,104.7,8.57,83.5,21.2
18:17:11,1002,17,104.2,8.53,83.5,21.2
18:17:12,1006,17,104.9,8.59,83.5,21.2
18:17:13,1008,17,105.0,8.69,83.5,21.2
18:17:14,1007,17,105.0,8.75,83.5,21.2
18:17:15,1009,17,105.0,8.73,83.5,21.9
18:17:16,1027,17,105.0,9.02,83.5,22.6
18:17:17,1051,18,105.5,9.3,83.5,22.7
18:17:18,1074,18,106.0,9.48,83.5,22.7
18:17:19,1094,18,106.0,9.68,83.5,22.4
18:17:20,1081,19,106.7,9.68,83.5,20.6
18:17:21,1038,18,105.3,12.76,83.5,14.1
18:17:22,959,16,104.9,15.65,83.5,16.0
18:17:23,903,15,103.8,9.33,83.5,19.9
18:17:24,914,15,103.0,8.34,83.5,20.8
18:17:25,929,16,103.0,8.43,83.5,20.8
18:17:26,941,16,103.0,8.69,83.5,20.8
18:17:27,946,16,103.5,8.76,83.5,20.8
18:17:28,949,16,104.0,8.8,83.5,20.8
18:17:29,949,16,104.0,8.69,83.5,20.8
18:17:30,947,16,104.0,8.73,83.5,21.2
18:17:31,973,17,104.0,9.55,83.5,25.9
18:17:32,1065,18,105.8,10.12,83.5,27.5
18:17:33,1177,20,103.9,10.25,83.5,27.5
18:17:34,1270,22,103.0,10.71,83.5,27.3
18:17:35,1341,23,103.3,11.3,83.5,26.7
18:17:36,1363,24,104.4,11.99,83.5,18.5
18:17:37,1285,22,106.4,14.96,83.5,14.1
18:17:38,1188,20,108.0,20.35,83.5,14.1
18:17:39,1101,19,106.7,16.02,83.5,20.2
18:17:40,1058,18,106.0,8.99,83.5,21.2
18:17:41,1035,17,105.2,8.79,83.5,21.1
18:17:42,1020,17,105.0,8.49,83.5,20.8
18:17:43,995,17,104.9,8.67,83.5,20.7
18:17:44,969,16,104.0,8.92,83.5,20.2
18:17:45,924,16,103.7,8.45,83.5,16.8
18:17:46,874,15,103.0,8.13,83.5,14.1
18:17:47,865,14,103.0,7.86,83.5,14.1
18:17:48,887,15,103.0,8.15,83.5,14.1
18:17:49,901,15,103.0,8.27,83.5,14.1
18:17:50,905,15,103.0,8.4,83.5,14.1
18:17:51,905,15,103.0,8.46,83.5,14.1
18:17:52,899,15,103.0,8.43,83.5,14.1
18:17:53,900,15,103.0,8.33,83.5,14.1
18:17:54,899,15,103.0,8.25,83.5,14.1
18:17:55,897,15,103.0,8.24,83.5,14.1
18:17:56,895,15,103.0,8.32,83.5,14.1
18:17:57,898,15,103.0,8.31,83.5,14.4
18:17:58,899,15,103.0,8.42,83.5,14.5
18:17:59,900,15,103.0,8.34,83.5,14.1
18:18:00,898,15,103.0,8.38,83.5,15.3
18:18:01,909,15,103.1,8.8,83.5,20.4
18:18:02,985,16,104.4,9.96,83.5,23.6
18:18:03,1081,18,107.1,11.33,83.5,29.2
18:18:04,1241,21,113.6,15.19,83.5,39.3
18:18:05,1444,25,125.0,20.5,83.5,39.9
18:18:06,1626,28,131.6,20.8,83.5,38.5
18:18:07,1758,30,125.5,20.57,83.5,34.1
18:18:08,1829,32,118.1,19.44,83.5,33.4
18:18:09,1861,32,116.1,18.74,83.5,30.6
18:18:10,1835,31,106.3,16.28,83.5,24.8
18:18:11,1751,30,105.7,16.42,83.5,18.0
18:18:12,1608,28,113.7,27.87,83.5,18.1
18:18:13,1490,25,114.5,17.41,83.5,22.1
18:18:14,1422,24,110.5,13.13,83.5,25.0
18:18:15,1410,24,103.5,12.37,83.5,26.2
18:18:16,1410,24,101.0,11.57,83.5,25.1
18:18:17,1379,24,99.8,11.19,83.5,23.5
18:18:18,1335,23,98.7,10.97,83.5,23.5
18:18:19,1302,22,98.4,10.58,83.5,23.5
18:18:20,1268,22,98.4,10.34,83.5,22.6
18:18:21,1193,20,98.0,9.98,83.5,20.5
18:18:22,1097,19,101.3,13.03,83.5,14.1
18:18:23,962,17,103.0,14.78,83.5,14.1
18:18:24,890,15,103.0,8.65,83.5,19.6
18:18:25,880,14,103.0,8.18,83.5,14.1
18:18:26,888,11,102.1,8.21,83.5,14.1
18:18:27,896,9,102.0,8.24,83.5,14.1
18:18:28,897,7,102.0,8.1,83.5,14.1
18:18:29,898,5,102.0,8.1,83.5,14.1
18:18:30,904,4,102.0,8.24,83.5,14.1
18:18:31,935,3,102.3,8.41,83.5,14.5
18:18:32,892,5,103.4,9.1,83.5,14.9
18:18:33,1114,9,105.8,12.96,83.5,22.7
18:18:34,1544,13,115.7,20.53,83.5,41.2
18:18:35,1844,17,128.2,21.86,83.5,31.9
18:18:36,1107,17,116.2,16.14,83.5,17.5
18:18:37,1029,17,111.0,11.64,83.5,21.4
18:18:38,1085,18,109.0,11.09,83.5,25.3
18:18:39,1178,20,110.8,13.32,83.5,31.0
18:18:40,1279,22,114.2,13.73,83.5,32.8
18:18:41,1402,24,120.2,17.82,83.5,38.4
18:18:42,1622,27,138.0,27.65,83.5,44.2
18:18:43,1971,33,187.4,56.38,83.5,54.4
18:18:44,2442,42,198.5,59.91,57.8,42.1
18:18:45,1833,43,100.9,30.61,64.6,22.2
18:18:46,1582,43,109.5,13.46,83.5,30.5
18:18:47,1577,42,113.5,13.75,83.5,32.0
18:18:48,1591,42,120.4,17.6,83.5,35.9
18:18:49,1629,43,131.0,20.69,83.5,42.6
18:18:50,1714,46,154.5,31.49,83.5,45.4
18:18:51,1832,49,161.9,32.9,83.5,45.1
18:18:52,1943,53,160.1,32.71,83.5,45.1
18:18:53,2024,55,159.0,32.53,83.5,42.9
18:18:54,2062,56,127.2,25.32,83.5,32.4
18:18:55,2019,55,105.8,17.91,83.5,23.0
18:18:56,1884,51,111.4,21.79,83.5,15.2
18:18:57,1639,44,119.1,29.14,83.5,14.1
18:18:58,1502,41,116.8,26.42,83.5,19.9
18:18:59,1459,40,115.5,12.27,83.5,23.5
18:19:00,1425,38,115.3,13.39,83.5,23.1
18:19:01,1391,37,114.8,12.96,83.5,23.3
18:19:02,1377,37,114.5,12.93,83.5,32.8
18:19:03,1417,38,120.5,17.45,83.5,37.3
18:19:04,1471,39,127.3,17.43,83.5,35.9
18:19:05,1505,40,117.5,15.15,83.5,31.6
18:19:06,1512,41,109.6,14.22,83.5,27.8
18:19:07,1482,40,107.1,13.32,83.5,14.1
18:19:08,1444,38,110.9,22.15,83.5,19.3
18:19:09,1432,37,109.5,14.57,83.5,30.1
18:19:10,1422,38,110.2,12.71,83.5,30.6
18:19:11,1439,39,111.8,12.43,83.5,28.9
18:19:12,1421,39,109.7,17.62,83.5,24.6
18:19:13,1480,40,113.6,18.98,83.5,23.5
18:19:14,1425,38,112.0,14.69,83.5,14.1
18:19:15,1174,32,110.7,17.33,83.5,14.1
18:19:16,1096,28,106.2,9.17,83.5,14.1
18:19:17,1387,25,106.7,16.21,83.5,14.1
18:19:18,1341,23,109.6,23.14,83.5,14.8
18:19:19,1225,21,109.3,20.95,83.5,17.0
18:19:20,1113,19,107.4,18.47,83.5,18.5
18:19:21,1058,18,105.2,13.06,83.5,24.2
18:19:22,1098,19,107.4,11.6,83.5,31.7
18:19:23,1266,21,112.5,15.35,83.5,36.9
18:19:24,1449,24,122.0,17.68,83.5,39.2
18:19:25,1667,29,140.5,30.02,83.5,43.3
18:19:26,1591,32,134.9,26.65,35.8,23.3
18:19:27,1202,32,106.0,9.88,83.5,26.0
18:19:28,1227,33,104.5,10.75,83.5,27.7
18:19:29,1252,34,104.0,10.45,83.5,25.1
18:19:30,1242,33,102.2,10.42,83.5,15.6
18:19:31,1195,32,106.1,16.37,83.5,14.1
18:19:32,1143,31,106.8,18.99,83.5,14.1
18:19:33,1098,29,106.0,13.32,83.5,18.8
18:19:34,1089,29,106.4,10.26,83.5,24.0
18:19:35,1101,29,104.7,9.2,83.5,24.7
18:19:36,1117,30,100.9,9.48,83.5,24.7
18:19:37,1132,30,100.0,9.19,83.5,24.3
18:19:38,1148,31,100.0,9.29,83.5,24.7
18:19:39,1165,31,100.0,9.43,83.5,22.4
18:19:40,1154,31,100.0,9.57,83.5,14.1
18:19:41,1081,29,103.9,12.3,83.5,14.1
18:19:42,896,27,103.0,9.66,83.5,14.1
18:19:43,1019,24,103.3,10.53,83.5,14.1
18:19:44,1245,22,105.1,16.15,83.5,14.1
18:19:45,1142,20,106.6,19.13,83.5,18.8
18:19:46,1087,18,106.0,7.98,83.5,22.0
18:19:47,994,18,105.5,9.3,83.5,15.6
18:19:48,914,16,104.3,8.35,83.5,14.1
18:19:49,900,13,103.2,8.05,83.5,14.1
18:19:50,900,10,103.0,8.05,83.5,14.1
18:19:51,899,8,102.1,8.15,83.5,14.1
18:19:52,900,5,102.0,8.09,83.5,14.1
18:19:53,896,4,102.0,8.08,83.5,14.1
18:19:54,860,3,102.0,7.77,83.5,14.1
18:19:55,785,2,101.5,6.9,83.5,14.1
18:19:56,767,2,101.0,7.06,83.5,14.1
18:19:57,770,1,101.0,7.05,83.5,14.1
18:19:58,768,0,100.3,6.97,83.5,14.1
18:19:59,768,0,100.0,6.91,83.5,14.1
18:20:00,768,0,100.0,6.91,83.5,14.1
18:20:01,772,0,100.0,6.98,83.5,14.1
18:20:02,770,0,100.0,6.79,83.5,14.1
18:20:03,769,0,100.0,7.0,83.5,14.1
18:20:04,768,0,100.0,6.89,83.5,14.1
18:20:05,769,0,100.0,6.79,83.5,14.1
18:20:06,768,0,100.0,7.2,83.5,14.1
18:20:07,770,0,100.0,7.02,83.5,14.1
18:20:08,769,0,100.0,7.09,83.5,14.1
18:20:09,769,0,100.0,7.03,83.5,14.1
18:20:10,769,0,100.0,7.09,83.5,14.1
18:20:11,768,0,100.0,7.16,83.5,14.1
18:20:12,772,0,100.0,7.04,83.5,14.1
18:20:13,770,0,100.0,7.17,83.5,14.1
18:20:14,844,0,100.0,7.23,83.5,16.1
18:20:15,912,1,101.3,8.42,83.5,17.2
18:20:16,904,5,103.5,9.4,83.5,17.3
18:20:17,1027,8,104.8,9.41,83.5,18.1
18:20:18,1159,10,102.0,9.65,83.5,21.5
18:20:19,1240,11,98.8,10.28,83.5,22.2
18:20:20,1311,11,98.7,10.91,83.5,25.4
18:20:21,1472,13,104.5,13.24,83.5,30.7
18:20:22,1748,15,118.2,18.26,83.5,33.8
18:20:23,1744,18,119.5,18.15,83.5,25.8
18:20:24,1260,19,115.3,18.24,83.5,39.6
18:20:25,1538,25,137.5,32.05,83.5,55.1
18:20:26,2109,35,192.4,66.25,83.5,58.0
18:20:27,2232,44,148.7,54.05,58.9,21.8
18:20:28,1612,42,107.9,28.47,80.1,14.1
18:20:29,1461,40,113.6,26.39,83.5,14.8
18:20:30,1441,38,114.0,19.04,83.5,20.4
18:20:31,1425,38,109.0,13.38,83.5,21.4
18:20:32,1408,38,105.4,12.35,83.5,14.1
18:20:33,1354,36,109.4,22.24,83.5,14.1
18:20:34,1228,34,109.5,21.1,83.5,14.1
18:20:35,1013,30,107.1,13.16,83.5,14.1
18:20:36,1131,26,104.5,11.0,83.5,14.1
18:20:37,1356,24,105.8,19.03,83.5,14.1
18:20:38,1302,22,108.9,19.63,83.5,17.2
18:20:39,1318,22,107.2,13.05,83.5,25.8
18:20:40,1349,23,105.7,11.8,83.5,28.2
18:20:41,1349,23,107.5,12.67,83.5,17.8
18:20:42,1264,22,108.0,19.58,83.5,16.2
18:20:43,1195,20,107.2,13.63,83.5,21.5
18:20:44,1165,20,107.0,10.25,83.5,21.4
18:20:45,1157,19,105.7,10.13,83.5,23.6
18:20:46,1198,20,102.0,10.4,83.5,26.0
18:20:47,1275,22,104.1,12.31,83.5,32.9
18:20:48,1434,24,114.2,15.92,83.5,35.8
18:20:49,1582,27,126.2,18.66,83.5,35.2
18:20:50,1114,28,117.5,11.59,83.5,14.1
18:20:51,1022,27,107.7,8.92,83.5,21.6
18:20:52,1047,28,107.5,10.99,83.5,29.3
18:20:53,1110,30,110.3,11.95,83.5,34.4
18:20:54,1168,32,111.6,10.88,83.5,23.5
18:20:55,1035,30,107.5,10.79,83.5,14.1
18:20:56,888,28,104.7,10.46,83.5,14.1
18:20:57,932,25,102.8,8.34,83.5,14.1
18:20:58,1376,23,103.4,11.96,83.5,14.1
18:20:59,1249,22,107.0,20.37,83.5,16.8
18:21:00,1156,20,107.0,15.88,83.5,19.0
18:21:01,1100,19,105.2,9.82,83.5,20.5
18:21:02,1083,18,105.8,9.49,83.5,20.0
18:21:03,1030,18,104.5,9.01,83.5,15.7
18:21:04,978,16,103.3,8.61,83.5,20.5
18:21:05,976,17,103.9,9.06,83.5,23.9
18:21:06,1032,17,104.3,9.01,83.5,23.9
18:21:07,1078,18,105.5,9.26,83.5,24.2
18:21:08,1128,19,103.7,9.41,83.5,25.4
18:21:09,1201,20,102.3,10.05,83.5,26.3
18:21:10,1265,21,103.5,10.8,83.5,26.0
18:21:11,1312,23,104.0,11.29,83.5,25.1
18:21:12,1339,23,103.8,11.54,83.5,23.5
18:21:13,1302,23,103.9,12.03,83.5,16.5
18:21:14,1232,21,106.4,16.75,83.5,15.7
18:21:15,1184,20,104.5,12.98,83.5,25.5
18:21:16,1258,21,103.4,11.31,83.5,27.6
18:21:17,1389,24,110.5,19.13,83.5,44.7
18:21:18,1796,30,159.9,43.14,83.5,66.4
18:21:19,2124,39,168.0,40.08,67.2,33.2
18:21:20,1370,36,109.0,22.03,44.1,14.1
18:21:21,904,30,107.3,10.5,83.5,14.1
18:21:22,881,27,104.6,8.31,83.5,14.1
18:21:23,889,25,103.4,7.97,83.5,14.1
18:21:24,892,23,103.0,8.11,83.5,14.1
18:21:25,897,21,103.0,8.05,83.5,14.1
18:21:26,898,20,103.0,8.07,83.5,14.1
18:21:27,900,19,103.0,8.01,83.5,14.1
18:21:28,900,19,103.0,7.98,83.5,14.1
18:21:29,900,19,103.0,7.94,83.5,14.1
18:21:30,900,18,103.0,7.94,83.5,14.1
18:21:31,900,18,102.0,7.98,83.5,14.1
18:21:32,898,18,102.0,8.01,83.5,14.1
18:21:33,900,15,102.0,8.0,83.5,14.1
18:21:34,899,14,102.0,7.92,83.5,14.1
18:21:35,898,13,102.0,8.01,83.5,14.1
18:21:36,899,11,102.0,8.0,83.5,14.1
18:21:37,900,10,102.0,8.07,83.5,14.1
18:21:38,901,10,102.0,8.01,83.5,14.1
18:21:39,901,10,102.0,8.03,83.5,14.1
18:21:40,901,9,102.0,7.97,83.5,14.8
18:21:41,792,10,102.1,8.64,83.5,15.6
18:21:42,1035,12,103.2,8.61,83.5,14.1
18:21:43,922,11,103.7,8.35,83.5,15.6
18:21:44,818,12,103.0,8.18,83.5,16.9
18:21:45,879,15,103.5,8.94,83.5,15.7
18:21:46,960,16,104.5,9.4,83.5,14.3
18:21:47,982,16,104.3,8.63,83.5,14.1
18:21:48,922,16,104.0,8.23,83.5,14.1
18:21:49,899,15,103.1,8.04,83.5,14.1
18:21:50,901,15,102.9,7.94,83.5,14.1
18:21:51,899,14,102.0,7.9,83.5,14.1
18:21:52,885,14,102.3,7.96,83.5,14.1
18:21:53,841,14,103.0,7.89,83.5,14.1
18:21:54,900,15,103.0,8.43,83.5,14.1
18:21:55,929,16,103.0,8.37,83.5,14.1
18:21:56,924,16,103.0,8.25,83.5,14.1
18:21:57,911,15,103.0,8.13,83.5,17.5
18:21:58,911,15,102.2,8.19,83.5,20.1
18:21:59,963,16,103.1,9.08,83.5,24.7
18:22:00,1077,18,105.2,9.7,83.5,28.0
18:22:01,1199,20,107.7,11.37,83.5,31.0
18:22:02,1316,22,112.1,13.04,83.5,31.6
18:22:03,1417,24,115.7,14.46,83.5,31.5
18:22:04,1491,25,113.8,14.26,83.5,27.1
18:22:05,1519,26,107.3,12.49,83.5,24.5
18:22:06,1525,26,103.7,12.47,83.5,24.3
18:22:07,1517,26,102.3,12.76,83.5,21.6
18:22:08,1451,25,105.3,15.94,83.5,14.1
18:22:09,1354,23,108.7,20.69,83.5,14.1
18:22:10,1260,21,108.8,21.13,83.5,14.1
18:22:11,1152,20,106.8,19.49,83.5,14.1
18:22:12,1063,18,105.6,17.31,83.5,14.1
18:22:13,977,17,104.5,15.16,83.5,15.0
18:22:14,923,16,103.5,9.44,83.5,20.1
18:22:15,946,15,103.0,9.04,83.5,24.0
18:22:16,1011,17,103.7,8.97,83.5,24.2
18:22:17,1059,18,104.8,9.05,83.5,22.4
18:22:18,1049,18,105.0,8.76,83.5,17.8
18:22:19,970,16,103.9,12.52,83.5,16.8
18:22:20,946,16,103.2,10.28,83.5,22.6
18:22:21,1006,17,104.3,8.67,83.5,25.9
18:22:22,1098,18,105.0,9.82,83.5,26.4
18:22:23,1138,20,103.8,9.61,83.5,16.1
18:22:24,1073,18,103.7,11.83,83.5,14.1
18:22:25,986,17,104.0,15.69,83.5,14.1
18:22:26,912,15,103.1,10.78,83.5,14.1
18:22:27,875,15,102.0,7.8,83.5,14.1
18:22:28,879,15,102.0,7.76,83.5,14.1
18:22:29,896,15,102.0,7.84,83.5,14.1
18:22:30,903,15,102.0,7.94,83.5,15.0
18:22:31,906,15,102.5,8.0,83.5,15.6
18:22:32,901,15,102.4,8.0,83.5,14.2
18:22:33,867,14,102.7,7.74,83.5,14.1
18:22:34,901,13,102.2,7.77,83.5,14.1
18:22:35,908,13,102.0,7.95,83.5,14.1
18:22:36,904,13,102.0,7.97,83.5,14.1
18:22:37,901,12,102.0,7.9,83.5,14.1
18:22:38,1050,12,101.2,8.56,83.5,19.4
18:22:39,1395,12,101.1,11.99,83.5,26.5
18:22:40,1677,14,112.7,18.57,83.5,34.8
18:22:41,1505,17,118.0,15.76,83.5,17.5
18:22:42,1148,19,113.2,11.69,83.5,29.8
18:22:43,1264,21,114.0,13.3,83.5,30.6
18:22:44,1298,22,111.7,13.41,83.5,18.7
18:22:45,1225,21,109.0,19.41,83.5,14.1
18:22:46,1135,19,107.5,18.65,83.5,14.4
18:22:47,1039,18,105.1,14.45,83.5,18.2
18:22:48,1029,17,104.4,9.99,83.5,24.0
18:22:49,1104,18,105.6,9.73,83.5,27.3
18:22:50,1257,21,109.3,14.86,83.5,42.3
18:22:51,1534,26,129.5,26.37,83.5,46.3
18:22:52,1697,32,143.3,29.43,47.2,29.0
18:22:53,1263,32,109.6,16.05,77.7,31.3
18:22:54,1298,35,118.7,15.27,83.5,36.2
18:22:55,1361,36,111.7,12.73,83.5,29.2
18:22:56,1394,37,110.3,13.31,83.5,29.6
18:22:57,1404,38,110.1,13.46,83.5,24.6
18:22:58,1384,38,109.0,14.81,83.5,15.5
18:22:59,1357,36,109.8,21.99,83.5,14.1
18:23:00,1317,35,109.9,22.4,83.5,16.9
18:23:01,1298,35,108.8,14.25,83.5,23.6
18:23:02,1306,35,106.7,11.67,83.5,25.3
18:23:03,1323,35,102.9,11.08,83.5,22.8
18:23:04,1324,35,102.8,11.22,83.5,22.2
18:23:05,1324,35,107.7,11.87,83.5,23.0
18:23:06,1314,35,109.4,11.92,83.5,22.0
18:23:07,1311,35,110.0,11.78,83.5,23.4
18:23:08,1314,35,105.5,11.36,83.5,24.4
18:23:09,1314,35,101.3,11.09,83.5,22.3
18:23:10,1292,35,101.2,11.77,83.5,15.3
18:23:11,1257,33,104.6,16.14,83.5,14.1
18:23:12,1200,32,106.0,19.9,83.5,14.1
18:23:13,1013,30,105.4,14.74,83.5,14.1
18:23:14,917,28,103.1,8.91,83.5,14.1
18:23:15,1345,23,101.1,12.75,83.5,14.1
18:23:16,1215,21,104.2,19.22,83.5,15.8
18:23:17,1143,19,105.0,13.17,83.5,20.5
18:23:18,1112,19,105.4,9.71,83.5,21.5
18:23:19,1118,19,104.8,9.55,83.5,22.6
18:23:20,1144,20,100.6,9.55,83.5,23.1
18:23:21,1176,20,99.7,9.61,83.5,22.9
18:23:22,1189,20,99.0,9.78,83.5,21.9
18:23:23,1150,20,98.4,9.72,83.5,19.5
18:23:24,1052,18,101.6,12.16,83.5,14.1
18:23:25,901,12,102.5,7.93,83.5,14.1
18:23:26,899,8,102.0,8.02,83.5,14.1
18:23:27,898,5,102.0,7.95,83.5,14.1
18:23:28,848,2,102.0,7.63,83.5,14.1
18:23:29,779,2,101.4,6.94,83.5,14.1
18:23:30,768,2,101.0,6.84,83.5,15.6
18:23:31,912,3,101.3,8.37,83.5,20.0
18:23:32,914,8,104.0,9.88,83.5,21.1
18:23:33,1195,10,104.0,10.52,83.5,24.5
18:23:34,1406,12,105.1,11.99,83.5,27.3
18:23:35,1577,14,110.6,13.86,83.5,29.8
18:23:36,1313,15,112.8,12.0,83.5,19.4
18:23:37,911,15,108.5,9.21,83.5,16.9
18:23:38,926,16,104.8,8.56,83.5,18.8
18:23:39,927,16,104.0,8.34,83.5,18.8
18:23:40,925,16,103.1,8.74,83.5,20.5
18:23:41,1018,17,105.3,9.95,83.5,26.7
18:23:42,1161,20,108.4,11.05,83.5,29.0
18:23:43,1266,21,109.2,11.77,83.5,27.6
18:23:44,1296,22,106.6,11.65,83.5,18.7
18:23:45,1220,21,106.5,16.08,83.5,14.1
18:23:46,1126,19,106.5,18.6,83.5,14.1
18:23:47,1037,18,105.4,16.95,83.5,14.1
18:23:48,953,16,104.3,12.73,83.5,14.1
18:23:49,895,15,102.4,7.77,83.5,14.1
18:23:50,888,15,102.0,8.24,83.5,14.1
18:23:51,891,14,102.0,8.04,83.5,14.1
18:23:52,896,13,102.0,8.11,83.5,14.1
18:23:53,904,13,102.0,8.06,83.5,15.1
18:23:54,1059,12,100.6,9.68,83.5,20.3
18:23:55,1420,12,102.5,13.02,83.5,33.0
18:23:56,1512,15,112.4,18.56,83.5,17.7
18:23:57,1119,16,112.6,10.83,83.5,18.6
18:23:58,949,16,107.7,11.76,83.5,21.0
18:23:59,993,17,106.1,9.2,83.5,23.3
18:24:00,1053,18,106.0,9.28,83.5,22.0
18:24:01,1027,18,105.6,8.8,83.5,17.8
18:24:02,978,17,104.0,11.73,83.5,14.1
18:24:03,908,15,103.6,9.48,83.5,14.1
18:24:04,885,15,102.5,7.94,83.5,18.4
18:24:05,915,15,102.5,8.6,83.5,20.3
18:24:06,960,16,103.6,8.85,83.5,20.4
18:24:07,984,17,104.0,8.83,83.5,19.8
18:24:08,961,16,103.2,8.4,83.5,14.1
18:24:09,909,15,103.0,8.02,83.5,14.1
18:24:10,886,15,102.0,7.99,83.5,14.1
18:24:11,876,15,102.0,7.98,83.5,14.1
18:24:12,912,15,102.0,7.99,83.5,14.1
18:24:13,904,14,102.0,8.02,83.5,14.1
18:24:14,902,14,102.0,7.99,83.5,14.1
18:24:15,911,13,102.0,8.2,83.5,15.9
18:24:16,1168,12,100.5,9.59,83.5,21.3
18:24:17,1362,12,100.0,12.55,83.5,28.0
18:24:18,1675,14,111.8,18.47,83.5,31.0
18:24:19,1325,16,117.3,13.13,83.5,14.8
18:24:20,945,16,109.1,11.58,83.5,17.7
18:24:21,925,15,104.7,9.27,83.5,20.0
18:24:22,911,16,103.6,8.12,83.5,16.4
18:24:23,884,15,102.5,7.65,83.5,14.1
18:24:24,870,15,102.0,7.87,83.5,14.1
18:24:25,892,14,102.0,7.97,83.5,14.1
18:24:26,911,11,102.0,8.06,83.5,14.1
18:24:27,903,7,102.0,8.02,83.5,14.1
18:24:28,902,5,102.0,8.11,83.5,14.1
18:24:29,900,4,102.0,8.03,83.5,14.1
18:24:30,902,4,102.0,7.97,83.5,14.5
18:24:31,922,4,102.3,7.78,83.5,14.9
18:24:32,913,7,103.4,9.13,83.5,14.4
18:24:33,998,9,104.0,7.78,83.5,14.1
18:24:34,925,9,103.5,8.13,83.5,14.1
18:24:35,907,8,103.0,8.07,83.5,14.5
18:24:36,901,8,102.3,7.85,83.5,14.5
18:24:37,899,7,102.0,7.85,83.5,14.5
18:24:38,899,7,102.0,7.98,83.5,14.5
18:24:39,899,7,102.0,7.93,83.5,14.5
18:24:40,900,7,102.0,7.97,83.5,14.5
18:24:41,885,7,102.0,7.9,83.5,15.0
18:24:42,875,7,102.0,8.35,83.5,15.6
18:24:43,1022,9,102.5,8.78,83.5,22.1
18:24:44,1219,10,103.0,10.47,83.5,24.7
18:24:45,1391,12,104.6,11.73,83.5,26.3
18:24:46,1509,13,108.3,12.73,83.5,26.2
18:24:47,1594,14,109.9,13.74,83.5,25.9
18:24:48,1655,14,110.0,14.15,83.5,25.9
18:24:49,1717,15,111.2,15.58,83.5,27.7
18:24:50,1511,16,113.5,14.94,83.5,16.7
18:24:51,1043,16,110.8,8.88,83.5,14.1
18:24:52,908,15,105.9,10.6,83.5,14.5
18:24:53,894,15,103.0,8.02,83.5,16.4
18:24:54,888,15,102.7,7.95,83.5,17.5
18:24:55,890,15,102.0,7.84,83.5,17.2
18:24:56,903,15,102.0,7.93,83.5,15.4
18:24:57,904,15,102.0,7.82,83.5,14.2
18:24:58,902,15,102.0,7.86,83.5,14.1
18:24:59,901,15,102.0,7.93,83.5,14.1
18:25:00,899,15,102.0,7.85,83.5,14.1
18:25:01,896,15,102.0,7.85,83.5,14.1
18:25:02,905,15,102.0,7.88,83.5,14.1
18:25:03,919,13,102.0,8.04,83.5,14.1
18:25:04,908,12,102.0,8.17,83.5,14.1
18:25:05,903,10,102.0,7.94,83.5,14.1
18:25:06,900,9,102.0,7.97,83.5,14.1
18:25:07,900,9,102.0,7.91,83.5,14.9
18:25:08,939,9,102.0,7.94,83.5,18.3
18:25:09,1096,9,103.2,9.24,83.5,25.5
18:25:10,1333,11,106.2,11.86,83.5,27.5
18:25:11,985,12,107.3,9.42,83.5,14.1
18:25:12,895,12,104.5,8.26,83.5,14.1
18:25:13,900,12,103.3,8.01,83.5,14.1
18:25:14,899,11,102.1,7.79,83.5,14.1
18:25:15,885,11,102.0,7.78,83.5,15.4
18:25:16,900,11,102.0,7.58,83.5,15.8
18:25:17,932,11,102.0,8.33,83.5,14.1
18:25:18,910,11,102.0,7.97,83.5,14.1
18:25:19,902,10,102.0,7.8,83.5,14.1
18:25:20,900,9,102.0,7.86,83.5,14.1
18:25:21,900,8,102.0,7.87,83.5,14.1
18:25:22,937,8,102.0,8.06,83.5,17.0
18:25:23,985,8,102.7,8.91,83.5,20.8
18:25:24,1095,9,103.8,9.37,83.5,24.5
18:25:25,1316,11,104.3,11.47,83.5,28.2
18:25:26,1500,14,111.8,15.13,83.5,29.6
18:25:27,1084,15,111.9,10.54,83.5,18.1
18:25:28,988,16,107.7,9.99,83.5,25.7
18:25:29,1091,18,107.0,10.03,83.5,26.3
18:25:30,1190,20,106.4,10.66,83.5,29.2
18:25:31,1300,22,109.8,12.69,83.5,29.2
18:25:32,1366,23,108.8,11.8,83.5,25.3
18:25:33,1385,24,102.9,11.82,83.5,24.3
18:25:34,1400,24,101.2,11.74,83.5,24.3
18:25:35,1415,24,102.0,11.78,83.5,24.3
18:25:36,1425,24,102.7,12.07,83.5,25.5
18:25:37,1453,25,108.8,12.57,83.5,27.9
18:25:38,1504,26,113.8,13.06,83.5,28.1
18:25:39,1531,26,111.1,13.32,83.5,23.4
18:25:40,1485,25,108.2,13.85,83.5,18.9
18:25:41,1379,24,109.7,20.92,83.5,20.1
18:25:42,1314,23,109.0,11.45,83.5,21.1
18:25:43,1264,21,108.2,11.54,83.5,20.8
18:25:44,1210,21,107.8,11.08,83.5,20.2
18:25:45,1139,20,106.5,10.65,83.5,15.7
18:25:46,1052,18,105.2,13.85,83.5,14.1
18:25:47,959,16,103.8,15.47,83.5,14.1
18:25:48,894,15,102.5,7.17,83.5,14.1
18:25:49,877,15,102.0,8.09,83.5,14.1
18:25:50,875,15,102.0,7.83,83.5,14.1
18:25:51,898,15,102.0,8.01,83.5,14.1
18:25:52,907,15,102.0,8.04,83.5,14.1
18:25:53,909,15,102.0,8.04,83.5,14.5
18:25:54,905,15,102.0,8.09,83.5,16.2
18:25:55,919,15,102.3,8.24,83.5,18.8
18:25:56,957,16,103.0,8.71,83.5,20.0
18:25:57,981,16,103.5,8.86,83.5,20.0
18:25:58,997,17,104.0,8.93,83.5,20.0
18:25:59,1010,17,104.0,8.44,83.5,20.0
18:26:00,1021,17,104.0,8.53,83.5,20.2
18:26:01,1007,17,104.0,8.56,83.5,19.1
18:26:02,988,17,104.0,8.67,83.5,18.8
18:26:03,960,16,104.0,8.48,83.5,19.3
18:26:04,961,16,104.0,8.67,83.5,20.2
18:26:05,987,16,104.0,8.97,83.5,21.7
18:26:06,1035,17,104.5,8.99,83.5,22.6
18:26:07,1085,18,105.5,9.51,83.5,22.7
18:26:08,1111,19,102.0,9.19,83.5,21.3
18:26:09,1104,19,98.4,8.67,83.5,20.7
18:26:10,1112,19,98.0,9.1,83.5,23.8
18:26:11,1160,20,98.9,9.56,83.5,24.9
18:26:12,1197,20,99.9,9.94,83.5,23.3
18:26:13,1193,20,98.8,9.62,83.5,22.6
18:26:14,1187,20,98.5,10.05,83.5,24.6
18:26:15,1229,21,101.2,10.19,83.5,26.7
18:26:16,1288,22,105.8,10.92,83.5,27.8
18:26:17,1355,23,109.5,12.39,83.5,29.6
18:26:18,1485,25,118.3,18.82,83.5,40.2
18:26:19,1714,29,142.6,25.48,69.5,41.9
18:26:20,1416,31,109.9,20.69,50.0,21.0
18:26:21,1257,33,112.8,20.49,82.2,52.7
18:26:22,1394,37,138.5,30.31,83.5,54.0
18:26:23,1625,43,180.0,43.63,83.5,53.3
18:26:24,1705,49,181.4,36.29,45.3,31.7
18:26:25,1268,49,116.6,16.63,73.6,36.8
18:26:26,1335,52,133.5,27.12,83.5,49.5
18:26:27,1422,55,155.3,30.73,83.5,48.4
18:26:28,1507,58,163.6,29.74,83.5,45.7
18:26:29,1576,61,148.0,25.41,83.5,42.7
18:26:30,1631,63,143.6,24.92,83.5,42.7
18:26:31,1676,65,146.5,22.06,83.5,40.1
18:26:32,1696,66,116.1,16.47,83.5,28.5
18:26:33,1698,66,106.4,15.23,83.5,28.6
18:26:34,1696,66,111.6,15.77,83.5,30.8
18:26:35,1708,66,123.9,18.28,83.5,37.0
18:26:36,1763,68,160.3,40.09,83.5,64.0
18:26:37,1674,72,163.7,46.34,36.1,31.3
18:26:38,1420,72,114.1,17.54,81.4,22.1
18:26:39,1447,71,115.7,19.85,83.5,38.5
18:26:40,1459,72,128.5,19.97,83.5,39.5
18:26:41,1478,73,132.8,19.4,83.5,39.1
18:26:42,1458,74,127.1,21.95,54.9,30.6
18:26:43,1415,72,108.4,21.52,64.2,14.1
18:26:44,1013,66,107.5,9.54,83.1,14.1
18:26:45,1530,60,103.9,15.84,83.1,14.1
18:26:46,1410,55,109.9,24.0,83.1,14.1
18:26:47,1332,52,110.4,22.67,83.1,14.1
18:26:48,1317,51,110.0,22.35,83.1,14.1
18:26:49,1017,50,109.2,15.26,83.1,14.1
18:26:50,1580,47,104.5,13.87,83.3,14.1
18:26:51,1622,44,113.1,24.7,83.5,14.1
18:26:52,1481,40,113.6,26.3,83.2,14.1
18:26:53,1440,39,111.7,25.37,83.1,14.1
18:26:54,1404,38,110.6,24.26,83.1,14.1
18:26:55,1383,37,110.0,23.97,83.1,14.1
18:26:56,1373,37,110.0,23.6,83.1,14.1
18:26:57,1365,36,109.3,23.26,83.1,14.1
18:26:58,1298,35,109.0,22.28,83.1,14.1
18:26:59,1218,33,108.1,20.33,83.1,14.1
18:27:00,926,32,105.8,11.65,83.1,14.1
18:27:01,896,32,103.8,8.01,83.1,14.1
18:27:02,909,32,103.0,8.16,83.4,14.1
18:27:03,1071,33,102.6,9.29,83.2,16.6
18:27:04,1544,32,105.5,22.67,83.1,15.1
18:27:05,1762,31,112.8,31.16,83.2,14.1
18:27:06,1723,29,115.7,31.22,83.4,14.2
18:27:07,1687,29,116.0,30.6,83.3,15.7
18:27:08,1646,28,114.8,29.66,83.3,15.9
18:27:09,1614,28,114.0,28.96,83.1,17.4
18:27:10,1616,27,114.0,26.99,83.1,21.8
18:27:11,1694,29,110.3,14.27,83.5,30.0
18:27:12,1866,32,123.8,25.01,83.5,41.9
18:27:13,2107,36,146.8,35.28,83.5,31.5
18:27:14,1708,41,104.4,26.96,46.0,28.8
18:27:15,1627,43,120.5,19.76,83.5,37.9
18:27:16,1752,47,130.1,21.14,83.5,33.0
18:27:17,1842,49,116.5,19.7,83.5,16.0
18:27:18,1856,50,119.4,31.84,83.5,14.1
18:27:19,1862,50,121.0,34.89,83.5,14.1
18:27:20,1874,50,120.1,35.08,83.5,14.1
18:27:21,1892,51,120.0,35.37,83.5,14.1
18:27:22,1911,51,119.6,35.73,83.5,14.1
18:27:23,1927,52,119.0,35.85,83.5,14.1
18:27:24,1915,52,119.0,35.87,83.5,14.1
18:27:25,1859,50,119.0,34.7,83.5,14.1
18:27:26,1794,48,117.9,33.0,83.5,14.1
18:27:27,1726,47,116.7,31.78,83.5,14.1
18:27:28,1665,45,115.5,30.27,83.5,14.1
18:27:29,1591,43,114.3,28.3,83.5,14.1
18:27:30,1278,40,112.3,22.15,83.5,14.1
18:27:31,1275,38,107.0,12.53,83.5,14.1
18:27:32,2024,34,111.0,28.79,83.5,14.1
18:27:33,1881,32,118.4,35.12,83.5,14.1
18:27:34,1828,31,118.0,33.82,83.5,14.7
18:27:35,1832,31,118.0,33.6,83.5,16.1
18:27:36,1837,32,118.0,31.29,83.5,17.6
18:27:37,1854,32,117.2,21.39,83.5,22.0
18:27:38,1894,32,118.9,19.72,83.5,23.5
18:27:39,1929,33,119.4,22.07,83.5,16.5
18:27:40,1937,33,119.5,32.53,83.5,14.1
18:27:41,1936,33,119.1,36.18,83.5,14.1
18:27:42,1889,33,118.6,35.21,83.5,14.1
18:27:43,1858,32,117.3,34.26,83.5,14.9
18:27:44,1869,32,117.2,25.78,83.5,21.3
18:27:45,1929,33,118.0,19.32,83.5,17.6
18:27:46,1948,33,118.0,24.26,83.5,16.8
18:27:47,1953,34,118.0,26.61,83.5,14.1
18:27:48,1960,34,118.0,34.83,83.5,14.1
18:27:49,1964,34,118.0,36.62,83.5,14.1
18:27:50,1969,34,118.0,36.73,83.5,14.1
18:27:51,1849,32,117.6,34.6,83.5,14.1
18:27:52,1576,27,115.6,28.55,83.5,14.1
18:27:53,1011,24,111.3,16.27,83.5,14.1
18:27:54,890,22,105.1,8.64,83.5,14.1
18:27:55,893,22,103.3,8.19,83.5,14.1
18:27:56,1229,22,102.5,10.84,83.5,14.1
18:27:57,1318,22,105.8,20.4,83.5,14.1
18:27:58,1338,23,107.6,22.78,83.5,14.3
18:27:59,1374,23,108.0,18.02,83.5,16.3
18:28:00,1417,24,108.6,13.12,83.5,18.7
18:28:01,1459,25,110.0,19.47,83.5,16.1
18:28:02,1479,25,110.8,21.34,83.5,15.0
18:28:03,1498,26,111.0,26.37,83.5,16.0
18:28:04,1518,26,111.0,23.42,83.5,19.3
18:28:05,1536,26,111.0,13.9,83.5,14.1
18:28:06,1549,27,112.0,23.09,83.5,14.1
18:28:07,1540,26,112.0,27.31,83.5,14.1
18:28:08,1494,26,111.7,26.52,83.5,14.1
18:28:09,1427,25,110.6,25.0,83.5,14.1
18:28:10,1381,24,109.5,23.83,83.5,14.1
18:28:11,1350,23,109.0,23.29,83.5,14.1
18:28:12,1334,23,108.4,22.76,83.5,14.1
18:28:13,1347,23,108.0,22.26,83.5,14.9
18:28:14,1399,24,108.8,17.46,83.5,23.2
18:28:15,1495,25,111.7,13.28,83.5,25.2
18:28:16,1605,28,109.0,12.53,83.5,24.1
18:28:17,1024,30,108.3,11.89,83.5,14.1
18:28:18,1158,30,104.0,15.5,83.5,20.8
18:28:19,1228,33,102.5,12.06,83.5,17.2
18:28:20,1218,33,103.5,18.9,81.4,14.1
18:28:21,1153,31,104.6,18.97,83.5,14.1
18:28:22,983,29,104.3,14.47,83.5,14.1
18:28:23,1373,28,102.4,12.15,83.5,14.1
18:28:24,1616,28,108.4,23.51,83.5,15.9
18:28:25,1643,28,112.3,20.74,83.5,21.5
18:28:26,1678,29,115.0,16.5,83.5,18.8
18:28:27,1679,29,115.0,17.85,83.5,17.3
18:28:28,1686,29,115.4,21.85,83.5,21.5
18:28:29,1722,29,116.5,17.35,83.5,22.6
18:28:30,1758,30,118.2,17.36,83.5,24.4
18:28:31,1779,31,117.5,17.44,83.5,22.9
18:28:32,1852,32,110.5,17.99,83.5,28.2
18:28:33,1871,33,115.4,16.82,83.5,25.8
18:28:34,1030,35,113.2,17.28,83.5,18.7
18:28:35,1344,36,104.6,15.71,83.5,21.0
18:28:36,1383,37,104.4,12.37,83.5,18.4
18:28:37,1417,38,109.1,13.0,83.5,22.7
18:28:38,1449,39,111.9,13.67,83.5,24.0
18:28:39,1469,40,112.5,15.46,83.5,16.0
18:28:40,1507,40,109.5,20.74,83.5,27.3
18:28:41,1569,42,110.2,14.03,83.5,28.3
18:28:42,1616,44,106.9,13.41,83.5,25.1
18:28:43,1655,45,104.2,13.78,83.5,25.1
18:28:44,1687,45,105.4,14.21,83.5,21.1
18:28:45,1696,45,109.0,17.54,83.5,19.8
18:28:46,1725,46,108.7,16.45,83.5,28.2
18:28:47,1732,47,110.5,16.82,83.5,29.7
18:28:48,1492,48,112.5,13.54,83.5,21.2
18:28:49,1270,49,106.2,18.13,83.5,25.9
18:28:50,1300,50,102.6,10.82,83.5,26.7
18:28:51,1338,52,102.0,11.45,83.5,26.3
18:28:52,1375,53,102.9,11.63,83.5,27.3
18:28:53,1417,55,106.1,13.29,83.5,28.4
18:28:54,1447,56,108.5,14.83,83.5,28.4
18:28:55,1489,58,114.7,14.35,83.5,31.0
18:28:56,1535,59,113.6,14.82,83.5,30.6
18:28:57,1577,61,114.4,15.41,83.5,31.2
18:28:58,1621,63,116.0,15.4,83.5,30.7
18:28:59,1661,64,112.8,15.44,83.5,27.1
18:29:00,1695,66,108.0,15.7,83.5,25.8
18:29:01,1728,67,107.0,15.81,83.5,25.4
18:29:02,1755,69,107.0,16.29,83.5,24.4
18:29:03,1771,69,108.5,16.67,83.5,20.1
18:29:04,1790,69,115.7,30.47,83.5,22.4
18:29:05,1812,70,115.0,20.41,83.5,17.9
18:29:06,1822,71,114.7,19.91,83.5,14.1
18:29:07,1832,71,118.0,25.05,83.5,24.9
18:29:08,1853,72,112.9,18.22,83.5,29.8
18:29:09,1879,73,119.2,18.61,83.5,33.9
18:29:10,1906,74,124.6,24.05,83.5,41.2
18:29:11,1985,76,182.8,52.74,83.5,54.0
18:29:12,2070,81,195.4,67.11,83.5,47.0
18:29:13,1880,83,135.8,24.91,83.5,33.5
18:29:14,1684,83,136.5,26.97,83.5,44.1
18:29:15,1707,85,149.2,25.32,83.5,41.8
18:29:16,1710,85,119.1,18.06,83.5,31.3
18:29:17,1710,85,110.8,15.81,83.5,31.6
18:29:18,1709,85,119.3,16.86,83.5,36.2
18:29:19,1726,85,140.7,25.81,83.5,42.8
18:29:20,1753,86,156.5,29.88,83.5,44.3
18:29:21,1791,88,172.9,38.02,83.5,51.1
18:29:22,1846,91,208.2,59.71,83.5,55.0
18:29:23,1890,93,193.0,43.73,83.5,46.1
18:29:24,1897,94,131.7,24.53,83.5,37.0
18:29:25,1881,93,119.4,20.18,83.5,33.5
18:29:26,1852,92,119.0,20.09,83.5,34.4
18:29:27,1814,89,118.5,19.04,83.5,29.5
18:29:28,1765,87,113.6,17.22,83.5,32.3
18:29:29,1725,85,124.9,20.51,83.5,36.7
18:29:30,1690,83,142.9,23.77,83.5,42.5
18:29:31,1662,82,141.8,24.96,83.5,41.7
18:29:32,1632,81,136.0,23.57,83.5,28.0
18:29:33,1488,78,108.1,23.9,39.8,14.1
18:29:34,1436,74,109.2,18.45,83.5,14.1
18:29:35,1388,70,113.1,17.42,83.5,15.3
18:29:36,2170,67,107.5,26.05,83.5,32.6
18:29:37,2444,65,170.6,60.64,83.5,51.4
18:29:38,2587,69,218.5,91.75,83.5,58.7
18:29:39,2802,75,230.2,101.47,83.5,62.7
18:29:40,2967,81,214.0,100.14,83.5,42.4
18:29:41,2326,81,147.3,42.56,83.5,41.1
18:29:42,2109,82,197.9,72.73,83.5,63.1
18:29:43,2194,85,229.2,76.43,83.5,59.3
18:29:44,2243,88,202.0,61.07,83.5,49.5
18:29:45,2118,88,169.3,49.64,83.5,25.7
18:29:46,1777,86,124.6,25.0,83.5,35.5
18:29:47,1721,85,166.6,45.01,83.5,60.2
18:29:48,1742,86,214.0,55.04,83.5,53.0
18:29:49,1745,87,166.3,29.91,83.5,44.7
18:29:50,1722,86,143.6,24.97,83.5,39.9
18:29:51,1671,83,123.1,19.74,83.5,18.6
18:29:52,1613,80,120.6,21.9,83.5,38.7
18:29:53,1607,79,156.3,39.69,83.5,54.5
18:29:54,1630,81,205.5,50.05,83.5,55.4
18:29:55,1658,82,193.8,48.02,83.5,49.2
18:29:56,1647,82,152.2,25.31,83.5,42.0
18:29:57,1618,80,131.0,19.22,83.5,38.1
18:29:58,1586,79,118.2,17.11,83.5,37.1
18:29:59,1563,77,134.0,25.99,83.5,44.0
18:30:00,1555,77,166.7,33.56,83.5,47.4
18:30:01,1548,77,166.7,27.97,83.5,43.6
18:30:02,1533,76,131.4,20.75,83.5,40.2
18:30:03,1514,74,132.0,19.98,83.5,39.1
18:30:04,1491,74,128.2,18.88,83.5,38.6
18:30:05,1464,72,128.5,19.28,83.5,38.6
18:30:06,1448,72,126.5,17.27,83.5,38.2
18:30:07,1433,71,128.2,20.24,83.5,39.1
18:30:08,1424,70,137.5,21.87,83.5,41.1
18:30:09,1419,70,139.4,21.23,83.5,40.6
18:30:10,1412,70,130.1,20.14,83.5,39.8
18:30:11,1413,70,135.2,20.31,83.5,40.0
18:30:12,1410,70,126.3,18.44,83.5,38.2
18:30:13,1413,70,136.2,23.25,83.5,43.3
18:30:14,1433,71,154.0,28.2,83.5,46.0
18:30:15,1455,71,165.7,30.6,83.5,46.3
18:30:16,1484,73,170.0,31.18,83.5,46.2
18:30:17,1513,75,164.6,29.86,83.5,46.3
18:30:18,1544,76,172.3,33.18,83.5,47.6
18:30:19,1575,78,179.2,34.43,83.5,48.4
18:30:20,1626,80,186.0,41.55,83.5,49.8
18:30:21,1671,82,188.5,43.97,83.5,49.8
18:30:22,1720,85,193.4,48.29,83.5,52.6
18:30:23,1770,87,206.9,54.87,83.5,54.3
18:30:24,1832,91,211.5,57.73,83.5,55.3
18:30:25,1896,94,204.9,57.5,83.5,51.7
18:30:26,1931,95,155.8,25.65,83.5,38.3
18:30:27,1929,96,118.3,19.97,83.5,34.2
18:30:28,1925,95,119.4,21.28,83.5,35.6
18:30:29,1923,95,131.6,23.11,83.5,38.3
18:30:30,1923,95,132.2,23.84,83.5,37.6
18:30:31,1923,95,127.7,22.51,83.5,36.4
18:30:32,1921,95,126.1,22.1,83.5,37.7
18:30:33,1928,95,142.0,27.83,83.5,42.6
18:30:34,1945,96,165.2,34.33,83.5,45.0
18:30:35,1975,97,164.7,37.11,83.5,44.5
18:30:36,2013,99,188.2,60.81,83.5,52.3
18:30:37,2040,101,210.0,57.33,83.5,54.1
18:30:38,1820,101,151.8,30.2,83.5,23.6
18:30:39,1717,101,162.7,43.49,83.5,57.7
18:30:40,1735,102,186.4,47.69,83.5,49.0
18:30:41,1740,103,189.4,38.69,83.5,48.7
18:30:42,1736,103,183.7,36.53,83.5,48.9
18:30:43,1736,102,191.6,45.2,83.5,52.8
18:30:44,1750,103,213.1,57.26,83.5,59.1
18:30:45,1771,105,228.1,59.58,83.5,68.0
18:30:46,1797,106,226.5,61.33,83.5,75.8
18:30:47,1826,108,226.0,61.7,83.5,76.2
18:30:48,1854,110,226.0,62.88,83.5,71.9
18:30:49,1884,112,226.0,62.32,83.5,59.5
18:30:50,1900,113,194.0,44.18,83.5,48.3
18:30:51,1889,112,139.5,25.98,83.5,40.8
18:30:52,1866,111,131.4,22.67,83.5,41.1
18:30:53,1853,110,172.1,44.64,83.5,54.7
18:30:54,1877,112,224.8,64.23,83.5,73.0
18:30:55,1920,114,227.5,65.47,83.5,77.3
18:30:56,1959,116,228.0,67.72,83.5,77.0
18:30:57,1994,118,228.7,68.81,83.5,76.9
18:30:58,2036,120,229.0,70.39,83.5,76.9
18:30:59,2071,122,229.0,71.89,83.5,76.9
18:31:00,2111,125,228.1,73.53,83.5,76.9
18:31:01,2141,127,229.0,74.92,83.5,76.9
18:31:02,2178,129,229.0,76.28,83.5,76.7
18:31:03,2216,131,229.0,77.17,83.5,75.7
18:31:04,2244,133,229.0,78.79,83.5,75.0
18:31:05,2277,135,229.0,80.09,83.5,75.9
18:31:06,2311,137,228.4,81.59,83.5,77.5
18:31:07,2347,139,228.0,82.4,83.5,77.3
18:31:08,2382,141,228.0,83.47,83.5,77.3
18:31:09,2416,143,228.0,84.58,83.5,77.3
18:31:10,2457,146,228.0,86.19,83.5,77.3
18:31:11,2492,148,228.0,87.75,83.5,77.3
18:31:12,2529,150,228.0,88.73,83.5,77.3
18:31:13,2568,152,228.0,89.72,83.5,77.5
18:31:14,2609,155,228.0,91.55,83.5,77.6
18:31:15,2648,157,228.0,93.08,83.5,77.6
18:31:16,2683,159,228.6,94.27,83.5,78.0
18:31:17,2719,161,229.7,95.91,83.5,78.0
18:31:18,2755,163,229.2,97.32,83.5,77.9
18:31:19,2793,166,229.0,98.0,83.5,77.6
18:31:20,2834,168,229.0,99.81,83.5,77.6
18:31:21,2867,170,229.0,100.64,83.5,77.6
18:31:22,2898,171,229.0,101.67,83.5,77.6
18:31:23,2928,174,229.0,103.38,83.5,77.6
18:31:24,2949,175,229.0,104.01,83.5,77.6
18:31:25,2925,176,209.4,89.19,83.5,58.0
18:31:26,2914,174,167.6,64.49,83.5,14.1
18:31:27,2875,171,157.5,66.63,83.5,14.1
18:31:28,2818,167,149.4,62.68,83.5,14.1
18:31:29,2795,164,143.0,59.34,83.5,14.1
18:31:30,2710,162,139.1,57.02,83.5,14.1
18:31:31,2694,159,138.0,54.95,83.5,14.1
18:31:32,2621,156,133.6,53.91,83.5,24.3
18:31:33,2588,154,135.3,40.85,83.5,38.8
18:31:34,2575,153,163.5,52.81,83.5,46.6
18:31:35,2574,152,185.0,66.55,83.5,47.2
18:31:36,2571,152,180.6,61.77,83.5,46.7
18:31:37,2565,152,181.5,62.02,83.5,47.2
18:31:38,2565,152,184.7,66.58,83.5,48.0
18:31:39,2573,152,197.3,70.61,83.5,50.7
18:31:40,2563,152,165.6,52.9,83.5,22.9
18:31:41,2525,150,138.5,43.65,83.5,14.1
18:31:42,2482,147,140.5,52.59,83.5,14.1
18:31:43,2430,144,136.7,50.08,83.5,14.1
18:31:44,2369,140,133.7,48.06,83.5,14.1
18:31:45,2298,136,130.5,45.48,83.5,14.1
18:31:46,2231,133,127.8,43.52,83.5,14.1
18:31:47,2196,130,128.8,34.36,83.5,27.6
18:31:48,2184,129,157.0,40.25,83.5,46.4
18:31:49,2192,130,190.2,50.87,83.5,48.0
18:31:50,2210,130,197.8,58.04,83.5,50.7
18:31:51,2241,132,218.0,78.42,83.5,59.9
18:31:52,2287,135,228.1,81.09,83.5,63.5
18:31:53,2334,138,229.0,83.02,83.5,65.1
18:31:54,2376,141,225.5,82.59,83.5,60.2
18:31:55,2406,142,213.8,79.58,83.5,55.0
18:31:56,2424,144,204.9,74.02,83.5,51.1
18:31:57,2422,143,172.0,43.82,83.5,39.8
18:31:58,2383,142,127.2,33.03,83.5,14.1
18:31:59,2208,132,136.6,42.92,83.5,14.1
18:32:00,2082,123,133.7,42.13,83.5,14.1
18:32:01,2004,119,128.9,39.38,83.5,14.1
18:32:02,1937,115,124.4,37.76,83.5,14.1
18:32:03,1883,112,123.0,35.95,83.5,14.1
18:32:04,1831,109,122.2,34.93,83.5,14.1
18:32:05,1784,106,121.8,33.82,83.5,14.1
18:32:06,1749,104,121.0,32.89,83.5,15.3
18:32:07,1729,102,118.8,18.89,83.5,32.4
18:32:08,1721,102,141.0,30.78,83.5,49.3
18:32:09,1744,103,189.0,48.91,83.5,52.8
18:32:10,1777,104,204.5,54.58,83.5,53.3
18:32:11,1802,106,200.4,54.42,83.5,53.0
18:32:12,1818,108,202.2,55.57,83.5,53.3
18:32:13,1855,109,203.6,56.25,83.5,52.8
18:32:14,1865,110,185.5,44.22,83.5,47.7
18:32:15,1872,111,171.5,34.2,83.5,46.9
18:32:16,1878,111,167.5,36.56,83.5,41.9
18:32:17,1846,110,129.1,23.58,83.5,20.6
18:32:18,1824,108,127.4,23.53,83.5,26.3
18:32:19,1796,106,115.8,23.32,83.5,36.0
18:32:20,1780,105,140.8,26.04,83.5,43.5
18:32:21,1779,105,164.4,31.66,83.5,44.5
18:32:22,1774,105,140.0,25.42,83.5,41.8
18:32:23,1773,105,155.2,31.98,83.5,46.0
18:32:24,1780,105,189.6,42.91,83.5,50.0
18:32:25,1793,106,196.0,53.18,83.5,52.1
18:32:26,1815,107,206.4,56.44,83.5,53.3
18:32:27,1842,109,207.6,57.71,83.5,54.8
18:32:28,1873,111,212.2,59.73,83.5,56.0
18:32:29,1903,112,215.8,61.68,83.5,57.0
18:32:30,1926,114,218.3,63.83,83.5,57.6
18:32:31,1965,116,220.2,65.48,83.5,58.2
18:32:32,1992,118,222.4,67.31,83.5,58.6
18:32:33,2021,120,223.0,68.78,83.5,58.9
18:32:34,2055,122,223.5,70.44,83.5,60.0
18:32:35,2091,123,226.0,72.43,83.5,61.2
18:32:36,2122,126,227.0,74.16,83.5,61.5
18:32:37,2157,127,228.0,75.4,83.5,61.6
18:32:38,2186,129,227.3,76.01,83.5,61.6
18:32:39,2216,131,227.0,76.96,83.5,61.5
18:32:40,2243,133,226.1,72.43,83.5,48.4
18:32:41,2214,131,135.6,43.39,83.5,14.1
18:32:42,2157,128,141.5,40.91,83.5,14.1
18:32:43,2103,125,137.4,43.37,83.5,14.1
18:32:44,2049,121,131.9,41.32,83.5,14.1
18:32:45,1996,118,125.0,27.22,83.5,29.7
18:32:46,1963,116,127.6,22.17,83.5,39.9
18:32:47,1945,115,164.0,32.24,83.5,48.2
18:32:48,1927,114,162.9,34.49,83.5,44.2
18:32:49,1920,113,150.9,32.99,83.5,44.4
18:32:50,1903,113,168.6,33.24,83.5,45.5
18:32:51,1894,112,151.7,31.86,83.5,42.9
18:32:52,1869,111,132.9,24.45,83.5,39.3
18:32:53,1843,109,123.1,22.35,83.5,38.3
18:32:54,1818,108,131.5,23.91,83.5,39.9
18:32:55,1799,107,155.2,31.21,83.5,45.8
18:32:56,1801,106,190.5,47.68,83.5,52.4
18:32:57,1810,107,207.4,56.43,83.5,54.7
18:32:58,1823,108,208.1,58.55,83.5,57.4
18:32:59,1852,110,226.6,61.67,83.5,62.1
18:33:00,1882,111,223.0,62.94,83.5,62.4
18:33:01,1902,112,223.3,63.72,83.5,62.4
18:33:02,1931,114,224.4,65.2,83.5,62.4
18:33:03,1954,116,225.0,66.04,83.5,62.4
18:33:04,1983,117,225.5,67.04,83.5,62.4
18:33:05,2012,119,226.0,68.53,83.5,62.4
18:33:06,2036,121,226.0,69.69,83.5,62.4
18:33:07,2067,122,226.0,70.86,83.5,62.4
18:33:08,2091,124,227.0,71.92,83.5,62.4
18:33:09,2122,126,227.2,73.67,83.5,62.4
18:33:10,2156,127,228.0,74.55,83.5,62.4
18:33:11,2187,129,228.0,76.28,83.5,62.4
18:33:12,2222,131,227.5,77.42,83.5,62.4
18:33:13,2249,133,227.0,78.63,83.5,62.4
18:33:14,2280,134,227.0,80.02,83.5,62.4
18:33:15,2310,137,227.0,80.72,83.5,62.4
18:33:16,2346,139,226.2,81.6,83.5,62.4
18:33:17,2381,140,226.0,82.56,83.5,62.4
18:33:18,2404,143,225.9,83.84,83.5,62.3
18:33:19,2440,145,225.0,84.65,83.5,62.2
18:33:20,2480,146,225.3,85.61,83.5,62.2
18:33:21,2512,148,226.0,87.09,83.5,62.0
18:33:22,2547,151,225.5,88.27,83.5,62.0
18:33:23,2580,153,225.0,89.85,83.5,62.0
18:33:24,2614,155,225.0,90.67,83.5,62.0
18:33:25,2652,157,225.0,91.55,83.5,62.4
18:33:26,2686,159,225.0,93.19,83.5,62.5
18:33:27,2720,161,225.9,95.0,83.5,62.7
18:33:28,2765,164,226.0,96.31,83.5,62.7
18:33:29,2797,166,226.0,97.48,83.5,62.7
18:33:30,2835,168,226.0,98.73,83.5,62.7
18:33:31,2875,171,226.5,100.22,83.5,62.7
18:33:32,2915,173,227.0,101.53,83.5,62.7
18:33:33,2951,175,227.0,102.78,83.5,62.7
18:33:34,2986,177,227.0,104.28,83.5,62.7
18:33:35,3022,179,227.0,105.53,83.5,62.7
18:33:36,3057,180,226.1,105.94,83.5,62.7
18:33:37,3093,183,221.2,106.85,83.5,59.4
18:33:38,3108,184,204.8,98.95,83.5,53.6
18:33:39,3111,184,191.0,87.29,83.5,48.9
18:33:40,3105,184,183.9,89.02,83.5,47.8
18:33:41,3102,184,190.0,91.44,83.5,48.1
18:33:42,3095,184,178.8,84.09,83.5,43.7
18:33:43,3074,183,129.4,80.02,83.5,37.4
18:33:44,3048,181,127.7,60.11,83.5,36.9
18:33:45,2998,180,134.9,57.04,83.5,18.2
18:33:46,2970,176,145.8,65.4,83.5,14.1
18:33:47,2928,174,146.2,65.08,83.5,19.2
18:33:48,2892,171,125.2,54.62,83.5,33.2
18:33:49,2875,170,121.8,48.64,83.5,33.7
18:33:50,2844,169,120.0,47.85,83.5,31.0
18:33:51,2824,167,117.1,48.17,83.5,31.7
18:33:52,2827,167,165.8,81.97,83.5,51.5
18:33:53,2816,168,193.4,77.81,83.5,48.7
18:33:54,2806,167,144.5,50.9,83.5,18.4
18:33:55,2784,165,126.0,49.58,83.5,35.2
18:33:56,2778,165,160.8,59.36,83.5,43.9
18:33:57,2764,164,163.3,63.65,83.5,44.1
18:33:58,2760,164,161.0,61.86,83.5,44.3
18:33:59,2752,163,162.0,61.66,83.5,44.5
18:34:00,2750,163,177.0,69.82,83.5,48.1
18:34:01,2757,163,201.4,84.81,83.5,52.8
18:34:02,2770,164,208.3,90.8,83.5,55.2
18:34:03,2784,165,211.0,92.08,83.5,55.3
18:34:04,2792,166,211.7,92.34,83.5,55.0
18:34:05,2800,166,210.0,92.69,83.5,54.4
18:34:06,2758,166,167.1,57.7,83.5,41.1
18:34:07,2731,163,134.4,45.32,83.5,14.1
18:34:08,2699,160,137.9,48.87,83.5,25.3
18:34:09,2666,158,129.5,41.69,83.5,38.2
18:34:10,2647,157,153.7,51.86,83.5,43.7
18:34:11,2631,156,165.5,57.13,83.5,44.5
18:34:12,2618,155,164.5,56.43,83.5,44.7
18:34:13,2605,155,161.2,53.81,83.5,43.2
18:34:14,2590,153,152.2,48.92,83.5,42.7
18:34:15,2571,152,153.6,50.01,83.5,43.2
18:34:16,2559,152,165.0,52.47,83.5,44.5
18:34:17,2546,151,164.2,53.41,83.5,44.5
18:34:18,2547,151,183.3,64.0,83.5,50.0
18:34:19,2552,151,196.0,75.11,83.5,50.9
18:34:20,2567,152,196.0,74.25,83.5,50.6
18:34:21,2578,152,197.1,77.23,83.5,50.9
18:34:22,2602,154,217.2,89.52,83.5,64.9
18:34:23,2641,156,225.2,93.15,83.5,65.5
18:34:24,2683,159,225.5,94.32,83.5,65.5
18:34:25,2713,160,225.7,95.14,83.5,65.5
18:34:26,2744,162,226.8,96.41,83.5,65.5
18:34:27,2781,164,226.2,97.48,83.5,65.5
18:34:28,2812,166,227.0,98.39,83.5,65.5
18:34:29,2840,168,227.0,100.21,83.5,63.0
18:34:30,2864,170,221.7,94.55,83.5,57.8
18:34:31,2880,170,211.5,94.51,83.5,56.7
18:34:32,2900,172,220.7,99.85,83.5,58.1
18:34:33,2919,173,218.0,99.29,83.5,57.1
18:34:34,2926,173,207.0,93.45,83.5,52.5
18:34:35,2896,173,180.5,80.09,83.5,44.9
18:34:36,2868,171,151.5,58.48,83.5,14.1
18:34:37,2820,168,150.8,63.9,83.5,14.1
18:34:38,2774,164,145.7,61.07,83.5,14.1
18:34:39,2726,162,141.2,58.64,83.5,14.1
18:34:40,2679,159,137.4,56.44,83.5,14.1
18:34:41,2635,156,134.9,54.33,83.5,14.1
18:34:42,2591,154,132.2,52.51,83.5,14.1
18:34:43,2544,151,130.7,51.16,83.5,14.1
18:34:44,2505,148,128.9,49.82,83.5,14.1
18:34:45,2453,146,128.0,48.64,83.5,14.1
18:34:46,2314,138,126.8,45.89,83.5,14.1
18:34:47,2165,129,125.1,42.05,83.5,14.1
18:34:48,2041,121,122.6,39.16,83.5,14.1
18:34:49,1929,115,121.1,36.86,83.5,14.1
18:34:50,1855,110,120.9,35.13,83.5,14.1
18:34:51,1785,105,120.0,33.53,83.5,14.1
18:34:52,1749,104,118.6,32.72,83.5,21.4
18:34:53,1741,103,119.0,19.02,83.5,36.2
18:34:54,1738,103,132.4,24.3,83.5,41.2
18:34:55,1747,103,147.1,25.6,83.5,45.7
18:34:56,1766,104,165.1,38.75,83.5,46.7
18:34:57,1801,106,197.5,53.12,83.5,53.7
18:34:58,1840,108,201.3,56.28,83.5,53.8
18:34:59,1878,110,203.6,57.6,83.5,54.0
18:35:00,1924,113,203.9,59.0,83.5,53.6
18:35:01,1961,116,195.2,59.38,83.5,49.4
18:35:02,1970,117,148.0,32.64,83.5,36.1
18:35:03,1953,116,118.5,21.72,83.5,19.5
18:35:04,1920,115,118.9,35.28,83.5,27.3
18:35:05,1895,114,116.2,23.48,83.5,17.4
18:35:06,1892,113,120.5,27.15,83.5,26.6
18:35:07,1881,111,115.5,21.54,83.5,32.3
18:35:08,1838,111,115.5,19.48,83.5,29.8
18:35:09,1843,110,118.2,24.42,83.5,14.1
18:35:10,1828,108,122.0,26.06,83.5,21.3
18:35:11,1819,108,114.3,20.8,83.5,33.6
18:35:12,1817,107,128.0,22.2,83.5,39.4
18:35:13,1831,108,153.5,30.33,83.5,44.7
18:35:14,1852,109,168.3,34.15,83.5,46.5
18:35:15,1876,110,181.8,39.0,83.5,48.1
18:35:16,1897,112,184.4,38.87,83.5,47.7
18:35:17,1920,114,173.2,37.49,83.5,47.0
18:35:18,1935,115,163.7,31.7,83.5,43.8
18:35:19,1939,115,124.0,24.39,83.5,37.7
18:35:20,1936,115,125.5,24.63,83.5,38.8
18:35:21,1938,115,131.5,24.47,83.5,39.2
18:35:22,1939,115,138.4,26.06,83.5,42.2
18:35:23,1953,115,153.5,31.09,83.5,43.9
18:35:24,1969,116,150.5,29.92,83.5,43.2
18:35:25,1978,117,127.6,24.99,83.5,35.2
18:35:26,1979,117,115.1,22.21,83.5,33.9
18:35:27,1977,117,114.0,20.86,83.5,33.1
18:35:28,1976,117,117.7,20.3,83.5,32.9
18:35:29,1948,116,115.4,19.67,83.5,24.5
18:35:30,1950,115,119.8,31.89,83.5,21.3
18:35:31,1943,115,120.2,23.95,83.5,33.1
18:35:32,1946,115,120.2,23.3,83.5,36.5
18:35:33,1953,116,127.0,23.9,83.5,38.9
18:35:34,1966,116,137.9,26.27,83.5,41.8
18:35:35,1973,117,123.4,23.89,83.5,30.2
18:35:36,1973,117,111.4,19.93,83.5,29.1
18:35:37,1966,116,110.8,19.42,83.5,14.1
18:35:38,1953,116,120.1,29.45,83.5,14.1
18:35:39,1929,114,123.8,37.32,83.5,14.1
18:35:40,1862,111,122.7,35.92,83.5,14.1
18:35:41,1775,106,121.3,33.84,83.5,14.1
18:35:42,1654,99,118.6,30.65,83.5,14.1
18:35:43,1550,92,115.9,28.1,83.5,14.1
18:35:44,1491,88,113.7,26.6,83.5,14.1
18:35:45,1453,86,112.3,25.7,83.5,14.1
18:35:46,1445,85,111.2,20.0,83.5,17.0
18:35:47,1449,86,106.5,14.03,83.5,32.0
18:35:48,1475,87,118.3,19.01,83.5,40.2
18:35:49,1511,89,139.6,26.12,83.5,44.5
18:35:50,1544,91,149.0,24.46,83.5,43.3
18:35:51,1572,93,142.8,24.92,83.5,42.7
18:35:52,1597,94,143.5,24.31,83.5,42.7
18:35:53,1615,95,138.5,22.04,83.5,42.1
18:35:54,1625,96,136.8,21.38,83.5,39.8
18:35:55,1631,97,121.5,18.41,83.5,36.8
18:35:56,1632,96,122.1,17.22,83.5,36.0
18:35:57,1624,96,113.8,16.65,83.5,34.3
18:35:58,1616,96,119.8,18.49,83.5,36.1
18:35:59,1606,95,122.8,17.86,83.5,36.2
18:36:00,1597,94,122.3,18.64,83.5,37.8
18:36:01,1588,94,126.3,19.22,83.5,38.1
18:36:02,1577,93,127.2,19.18,83.5,38.2
18:36:03,1569,93,124.7,18.04,83.5,34.4
18:36:04,1550,92,110.6,14.79,83.5,25.9
18:36:05,1520,90,106.1,16.31,83.5,15.5
18:36:06,1488,88,112.3,24.51,83.5,14.1
18:36:07,1459,86,113.8,26.12,83.5,14.1
18:36:08,1441,85,110.2,14.83,83.5,26.4
18:36:09,1414,83,106.3,12.58,83.5,15.4
18:36:10,1387,82,108.8,19.63,83.5,18.8
18:36:11,1375,81,108.5,16.41,83.5,32.2
18:36:12,1370,81,118.8,19.17,83.5,43.5
18:36:13,1388,82,140.5,28.18,83.5,50.0
18:36:14,1415,84,168.0,36.63,83.5,53.5
18:36:15,1462,86,190.2,41.46,83.5,54.1
18:36:16,1506,89,197.2,43.86,83.5,54.1
18:36:17,1562,91,199.2,45.62,83.5,54.1
18:36:18,1596,94,199.6,47.32,83.5,53.8
18:36:19,1623,97,199.6,48.51,83.5,54.4
18:36:20,1677,99,200.7,50.19,83.5,54.5
18:36:21,1715,101,201.0,51.98,83.5,55.2
18:36:22,1762,104,212.3,55.15,83.5,57.1
18:36:23,1803,106,211.4,56.71,83.5,56.0
18:36:24,1830,108,200.8,44.64,83.5,47.5
18:36:25,1824,109,124.8,21.54,83.5,25.7
18:36:26,1801,107,113.1,18.0,83.5,23.9
18:36:27,1781,105,106.5,16.88,83.5,23.5
18:36:28,1754,104,113.9,17.32,83.5,21.7
18:36:29,1729,103,115.8,18.04,83.5,26.1
18:36:30,1711,102,107.7,16.02,83.5,28.8
18:36:31,1701,100,118.1,20.26,83.5,38.6
18:36:32,1701,100,146.0,27.34,83.5,43.3
18:36:33,1709,101,151.5,27.67,83.5,43.5
18:36:34,1718,102,148.1,27.21,83.5,43.1
18:36:35,1724,102,145.8,26.68,83.5,43.1
18:36:36,1731,102,147.1,27.55,83.5,43.4
18:36:37,1740,103,149.9,27.73,83.5,43.6
18:36:38,1747,103,150.4,28.3,83.5,43.9
18:36:39,1755,104,150.4,27.91,83.5,43.5
18:36:40,1755,104,148.3,25.32,83.5,41.8
18:36:41,1755,104,124.3,21.25,83.5,38.4
18:36:42,1754,104,129.3,22.68,83.5,40.6
18:36:43,1752,104,144.5,26.46,83.5,42.2
18:36:44,1746,103,130.6,22.66,83.5,35.1
18:36:45,1732,103,111.5,15.64,83.5,18.0
18:36:46,1712,101,107.4,14.92,83.5,28.4
18:36:47,1696,100,118.3,17.56,83.5,35.3
18:36:48,1687,100,125.4,19.3,83.5,37.2
18:36:49,1681,100,127.2,20.0,83.5,38.6
18:36:50,1679,99,132.0,21.93,83.5,40.3
18:36:51,1687,99,148.7,27.92,83.5,44.6
18:36:52,1693,100,165.7,32.36,83.5,46.2
18:36:53,1699,101,171.9,32.86,83.5,47.5
18:36:54,1699,102,174.0,22.08,83.5,42.6
18:36:55,1702,101,122.0,20.32,83.5,37.6
18:36:56,1702,101,127.7,17.97,83.5,38.8
18:36:57,1701,100,132.0,23.36,83.5,42.2
18:36:58,1712,101,174.0,23.36,83.5,45.5
18:36:59,1715,102,174.0,36.02,83.5,46.1
18:37:00,1738,102,174.0,36.02,83.5,47.1
18:37:01,1762,104,174.0,34.02,83.5,47.6
18:37:02,1769,104,181.0,33.52,83.5,49.4
18:37:03,1791,107,188.0,26.75,83.5,47.6
18:37:04,1792,107,156.5,23.36,83.5,38.4
18:37:05,1793,106,125.0,26.2,83.5,38.4
18:37:06,1795,106,133.7,29.05,83.5,43.0
18:37:07,1805,107,151.0,26.87,83.5,43.9
18:37:08,1814,107,161.5,25.41,83.5,46.3
18:37:09,1831,109,172.0,23.26,83.5,39.9
18:37:10,1815,108,136.0,22.72,83.5,14.1
18:37:11,1799,106,118.0,34.19,83.5,18.0
18:37:12,1793,106,116.8,34.19,83.5,29.8
18:37:13,1784,105,116.0,43.59,83.5,34.9
18:37:14,1814,106,174.8,45.94,83.5,55.3
18:37:15,1860,110,214.0,58.0,83.5,47.1
18:37:16,1860,110,172.0,61.02,83.5,14.1
18:37:17,1859,110,130.0,46.04,83.5,14.1
18:37:18,1845,110,127.0,36.05,83.5,14.1
18:37:19,1817,108,124.0,34.5,83.5,14.1
18:37:20,1776,108,121.5,34.11,83.5,14.1
18:37:21,1655,98,119.0,32.1,83.5,14.1
18:37:22,1645,98,117.7,30.08,83.5,14.1
18:37:23,1597,94,115.0,29.17,83.5,14.1
18:37:24,1597,94,116.2,28.27,83.5,32.9
18:37:25,1613,95,121.0,32.67,83.5,37.6
18:37:26,1613,95,138.4,39.27,83.5,52.1
18:37:27,1695,100,208.0,42.63,83.5,55.7
18:37:28,1695,101,207.3,52.72,83.5,54.6
18:37:29,1799,106,204.0,54.24,83.5,54.1
18:37:30,1799,107,204.0,56.52,83.5,45.8
18:37:31,1850,109,130.0,56.52,83.5,43.1
18:37:32,1867,111,130.0,26.86,83.5,42.4
18:37:33,1898,112,138.0,26.86,83.5,41.6
18:37:34,1909,113,138.0,38.91,83.5,44.6
18:37:35,1954,115,180.0,38.91,83.5,47.5
18:37:36,1969,117,180.0,24.3,83.5,42.0
18:37:37,1965,117,128.0,24.3,83.5,33.7
18:37:38,1963,116,115.0,19.69,83.5,25.9
18:37:39,1940,115,123.3,22.62,83.5,14.1
18:37:40,1929,114,125.0,37.27,83.5,25.9
18:37:41,1920,113,116.0,31.56,83.5,33.7
18:37:42,1918,113,126.6,20.13,83.5,43.5
18:37:43,1937,115,169.0,36.22,83.5,45.9
18:37:44,1937,115,176.2,60.36,83.5,51.8
18:37:45,2002,118,205.0,61.54,83.5,53.3
18:37:46,2006,119,195.8,62.72,83.5,48.6
18:37:47,2024,121,182.0,38.88,83.5,48.6
18:37:48,2017,121,149.0,22.99,83.5,33.7
18:37:49,2003,119,116.0,20.7,83.5,35.2
18:37:50,1999,119,138.2,20.13,83.5,41.2
18:37:51,1993,117,153.0,44.44,83.5,43.5
18:37:52,2008,118,187.8,50.52,83.5,52.9
18:37:53,2030,120,211.0,56.62,83.5,52.9
18:37:54,2027,120,185.5,58.66,83.5,14.1
18:37:55,2020,119,160.0,39.75,83.5,14.1
18:37:56,2020,119,170.2,35.02,83.5,14.1
18:37:57,2019,120,177.0,37.98,83.5,14.1
18:37:58,2024,120,174.0,38.72,83.5,14.1
18:37:59,2032,120,172.0,38.03,83.5,14.1
18:38:00,2032,120,172.0,37.69,83.5,14.1
18:38:01,2037,121,164.0,37.16,83.5,14.1
18:38:02,2038,121,164.0,35.02,83.5,14.1
18:38:03,2045,121,157.0,34.76,83.5,14.1
18:38:04,2046,121,157.0,34.24,83.5,14.1
18:38:05,2045,121,155.0,33.88,83.5,14.1
18:38:06,2045,121,155.0,33.16,83.5,14.1
18:38:07,2047,121,151.0,35.59,83.5,14.1
18:38:08,2047,121,156.0,40.44,83.5,14.1
18:38:09,2063,122,176.0,40.2,83.5,14.1
18:38:10,2066,122,173.0,39.83,83.5,14.1
18:38:11,2079,123,167.0,37.76,83.5,14.1
18:38:12,2079,123,164.8,36.38,83.5,14.1
18:38:13,2094,124,158.0,35.52,83.5,14.1
18:38:14,2094,124,158.0,34.24,83.5,14.1
18:38:15,2102,125,148.0,33.79,83.5,14.1
18:38:16,2104,125,147.2,31.99,83.5,14.1
18:38:17,2109,125,143.0,31.58,83.5,14.1
18:38:18,2109,125,143.0,30.33,83.5,14.1
18:38:19,2106,125,142.0,30.26,83.5,14.1
18:38:20,2106,125,141.4,30.11,83.5,14.1
18:38:21,2109,125,139.0,29.79,83.5,14.1
18:38:22,2109,125,139.0,28.83,83.5,14.1
18:38:23,2110,125,135.0,28.75,83.5,14.1
18:38:24,2110,125,135.0,28.41,83.5,14.1
18:38:25,2112,125,134.0,28.35,83.5,14.1
18:38:26,2112,125,134.0,28.13,83.5,14.1
18:38:27,2111,125,130.0,27.94,83.5,14.1
18:38:28,2111,125,130.0,27.16,83.5,14.1
18:38:29,2115,125,129.0,27.13,83.5,14.1
18:38:30,2116,125,129.0,27.02,83.5,14.1
18:38:31,2114,125,126.6,27.02,83.5,14.1
18:38:32,2112,125,125.0,25.91,83.5,14.1
18:38:33,2112,125,125.0,25.63,83.5,14.1
18:38:34,2113,125,125.0,25.94,83.5,14.1
18:38:35,2112,125,125.0,25.94,83.5,14.1
18:38:36,2110,125,125.0,25.94,83.5,14.1
18:38:37,2110,125,125.8,25.94,83.5,14.1
18:38:38,2111,125,126.0,25.76,83.5,14.1
18:38:39,2108,125,126.7,25.72,83.5,14.1
18:38:40,2107,125,127.4,26.83,83.5,14.1
18:38:41,2109,125,128.0,26.44,83.5,14.1
18:38:42,2108,125,128.0,26.43,83.5,14.1
18:38:43,2111,125,136.2,30.37,83.5,14.1
18:38:44,2134,126,190.7,55.18,83.5,14.1
18:38:45,2180,129,216.8,71.54,83.5,14.1
18:38:46,2225,132,208.8,71.51,83.5,14.1
18:38:47,2270,134,211.1,74.68,83.5,14.1
18:38:48,2322,137,220.5,82.66,83.5,14.1
18:38:49,2377,140,222.5,81.85,83.5,14.1
18:38:50,2420,143,214.9,80.9,83.5,14.1
18:38:51,2457,145,208.0,79.01,83.5,14.1
18:38:52,2487,147,202.4,76.46,83.5,14.1
18:38:53,2515,149,195.8,68.03,83.5,14.1
18:38:54,2535,150,188.5,63.96,83.5,14.1
18:38:55,2556,151,176.7,59.14,83.5,14.1
18:38:56,2568,152,168.0,54.73,83.5,14.1
18:38:57,2580,153,161.0,51.56,83.5,14.1
18:38:58,2588,154,154.0,49.76,83.5,14.1
18:38:59,2576,154,145.3,39.96,83.5,14.1
18:39:00,2569,152,128.2,35.61,83.5,14.1
18:39:01,2551,151,135.0,45.25,83.5,14.1
18:39:02,2525,150,135.5,52.55,83.5,14.1
18:39:03,2489,148,132.7,50.82,83.5,14.1
18:39:04,2447,145,130.3,49.6,83.5,14.1
18:39:05,2408,142,127.8,48.19,83.5,14.1
18:39:06,2363,140,126.2,46.85,83.5,14.1
18:39:07,2331,138,125.0,41.9,83.5,14.1
18:39:08,2323,137,134.0,38.63,83.5,14.1
18:39:09,2336,138,193.5,66.79,83.5,14.1
18:39:10,2375,141,214.8,80.17,83.5,14.1
18:39:11,2416,143,214.3,81.31,83.5,14.1
18:39:12,2447,145,213.5,81.78,83.5,14.1
18:39:13,2476,147,211.3,81.68,83.5,14.1
18:39:14,2498,148,203.3,81.46,83.5,14.1
18:39:15,2464,147,139.2,46.71,83.5,14.1
18:39:16,2377,141,138.3,47.9,83.5,14.1
18:39:17,2296,136,133.1,46.32,83.5,14.1
18:39:18,2245,133,128.8,44.44,83.5,14.1
18:39:19,2174,129,126.0,42.14,83.5,14.1
18:39:20,1763,122,121.8,31.8,83.5,14.1
18:39:21,2001,115,118.3,39.73,83.5,14.1
18:39:22,2215,110,126.5,43.18,83.5,14.1
18:39:23,2172,108,129.0,38.33,83.5,15.8
18:39:24,2148,106,119.8,26.94,83.5,32.3
18:39:25,2136,106,126.8,25.42,83.5,36.1
18:39:26,2130,106,125.0,25.29,83.5,35.6
18:39:27,2124,105,122.5,24.49,83.5,35.6
18:39:28,2123,105,129.3,27.01,83.5,39.8
18:39:29,2125,105,138.8,30.26,83.5,41.9
18:39:30,2133,106,141.3,30.64,83.5,39.6
18:39:31,2132,106,126.3,27.41,83.5,23.6
18:39:32,2114,105,117.5,27.01,83.5,14.1
18:39:33,2086,104,124.0,37.26,83.5,15.3
18:39:34,2077,102,126.7,26.1,83.5,31.2
18:39:35,2070,102,127.0,25.76,83.5,40.3
18:39:36,2000,103,135.1,33.43,83.5,29.9
18:39:37,1782,104,125.6,19.1,83.5,23.8
18:39:38,1758,104,128.5,25.39,83.5,40.1
18:39:39,1752,103,118.3,24.7,83.5,14.6
18:39:40,1736,103,119.4,28.62,83.5,14.1
18:39:41,1724,102,118.3,31.01,83.5,14.1
18:39:42,1720,102,111.7,15.04,83.5,14.1
18:39:43,1720,102,110.8,15.49,83.5,14.1
18:39:44,1723,102,111.8,15.76,83.5,14.1
18:39:45,1736,103,128.0,22.73,83.5,14.1
18:39:46,1764,104,159.5,33.04,83.5,14.1
18:39:47,1792,106,161.8,30.66,83.5,14.1
18:39:48,1815,108,141.8,25.38,83.5,14.1
18:39:49,1815,109,126.2,20.18,83.5,14.1
18:39:50,1808,107,118.5,22.66,83.5,14.1
18:39:51,1782,106,123.0,33.26,83.5,14.1
18:39:52,1760,105,121.8,33.22,83.5,14.1
18:39:53,1743,103,120.2,32.5,83.5,14.1
18:39:54,1733,103,119.0,32.14,83.5,14.1
18:39:55,1728,102,118.0,32.07,83.5,14.1
18:39:56,1728,102,116.6,29.29,83.5,23.4
18:39:57,1736,102,109.9,15.29,83.5,28.9
18:39:58,1743,104,110.1,16.1,83.5,25.1
18:39:59,1754,103,110.5,16.86,83.5,22.7
18:40:00,1752,104,118.7,18.0,83.5,23.8
18:40:01,1759,104,119.5,18.25,83.5,21.1
18:40:02,1758,104,117.7,22.45,83.5,14.6
18:40:03,1757,104,117.8,31.87,83.5,14.1
18:40:04,1757,104,118.0,32.68,83.5,14.1
18:40:05,1756,104,117.7,32.27,83.5,15.0
18:40:06,1765,104,114.0,19.28,83.5,28.9
18:40:07,1771,105,112.3,18.65,83.5,15.7
18:40:08,1771,105,116.3,25.17,83.5,18.0
18:40:09,1782,105,114.5,23.85,83.5,31.6
18:40:10,1796,106,119.3,19.53,83.5,35.3
18:40:11,1814,107,124.5,20.56,83.5,35.8
18:40:12,1832,109,124.3,20.5,83.5,35.3
18:40:13,1845,109,120.4,19.89,83.5,33.2
18:40:14,1852,110,116.3,19.4,83.5,31.5
18:40:15,1826,110,114.8,19.16,83.5,19.3
18:40:16,1856,110,118.9,29.72,83.5,14.1
18:40:17,1852,110,121.0,35.1,83.5,14.1
18:40:18,1854,110,120.8,35.04,83.5,14.1
18:40:19,1846,110,120.0,35.07,83.5,14.1
18:40:20,1849,109,114.1,26.02,83.5,27.4
18:40:21,1862,110,113.4,16.92,83.5,31.7
18:40:22,1870,111,115.8,17.59,83.5,30.2
18:40:23,1882,111,113.6,18.42,83.5,31.5
18:40:24,1898,112,124.5,19.62,83.5,39.5
18:40:25,1916,113,141.0,29.79,83.5,42.6
18:40:26,1939,114,144.7,28.14,83.5,42.4
18:40:27,1958,116,141.3,27.62,83.5,41.6
18:40:28,1971,117,139.0,27.02,83.5,41.6
18:40:29,1984,117,133.2,25.35,83.5,38.9
18:40:30,1994,118,126.8,23.97,83.5,38.6
18:40:31,2004,119,133.2,26.17,83.5,41.2
18:40:32,2012,119,137.8,27.36,83.5,41.1
18:40:33,2023,120,137.8,27.46,83.5,40.8
18:40:34,2033,120,136.6,26.98,83.5,40.8
18:40:35,2039,120,136.0,27.52,83.5,40.5
18:40:36,2045,121,136.0,27.58,83.5,40.5
18:40:37,2052,122,136.9,27.67,83.5,40.7
18:40:38,2054,122,136.5,27.55,83.5,40.0
18:40:39,2060,122,146.1,29.7,83.5,42.9
18:40:40,2069,122,153.7,34.01,83.5,43.3
18:40:41,2079,123,151.0,33.9,83.5,43.9
18:40:42,2090,124,155.3,34.6,83.5,44.1
18:40:43,2098,124,157.3,35.55,83.5,44.3
18:40:44,2113,125,158.8,35.6,83.5,44.3
18:40:45,2127,126,160.0,36.61,83.5,44.2
18:40:46,2137,127,157.5,35.6,83.5,37.3
18:40:47,2142,127,125.7,29.41,83.5,17.5
18:40:48,2138,127,125.3,26.41,83.5,14.1
18:40:49,2136,127,130.5,27.5,83.5,14.1
18:40:50,2133,126,134.9,28.82,83.5,14.1
18:40:51,2134,126,137.5,29.31,83.5,14.1
18:40:52,2134,126,140.0,30.3,83.5,14.1
18:40:53,2134,126,142.6,31.25,83.5,14.1
18:40:54,2135,127,145.0,31.67,83.5,14.1
18:40:55,2138,126,146.0,31.98,83.5,14.1
18:40:56,2139,127,145.2,32.08,83.5,14.1
18:40:57,2142,127,145.9,31.93,83.5,14.1
18:40:58,2142,127,146.8,32.66,83.5,14.1
18:40:59,2144,127,149.0,33.13,83.5,14.1
18:41:00,2144,127,148.4,33.03,83.5,14.1
18:41:01,2143,127,148.8,33.24,83.5,14.1
18:41:02,2143,127,148.8,31.31,83.5,14.1
18:41:03,2139,127,137.5,29.91,83.5,14.1
18:41:04,2135,126,139.0,29.93,83.5,14.1
18:41:05,2129,126,138.4,29.7,83.5,14.1
18:41:06,2124,126,139.5,30.1,83.5,14.1
18:41:07,2122,126,140.8,29.96,83.5,14.1
18:41:08,2120,125,139.8,30.02,83.5,14.1
18:41:09,2118,125,139.9,29.91,83.5,14.1
18:41:10,2114,125,141.6,30.15,83.5,14.1
18:41:11,2111,125,143.5,30.55,83.5,14.1
18:41:12,2109,125,146.3,31.7,83.5,14.1
18:41:13,2106,125,149.7,32.79,83.5,14.1
18:41:14,2103,125,152.0,33.62,83.5,14.1
18:41:15,2102,125,153.0,32.74,83.5,14.1
18:41:16,2092,124,135.8,27.69,83.5,14.1
18:41:17,2062,122,112.2,22.11,83.5,14.1
18:41:18,2040,121,118.5,24.91,83.5,14.1
18:41:19,2000,119,125.0,36.91,83.5,14.1
18:41:20,1959,116,124.0,38.3,83.5,14.1
18:41:21,1911,113,122.3,36.63,83.5,14.1
18:41:22,1864,110,120.1,35.34,83.5,14.1
18:41:23,1829,108,117.2,19.66,83.5,14.1
18:41:24,1813,107,116.2,18.46,83.5,14.1
18:41:25,1805,107,132.5,24.58,83.5,14.1
18:41:26,1808,107,153.5,30.16,83.5,14.1
18:41:27,1819,107,170.0,34.08,83.5,14.1
18:41:28,1830,108,184.2,39.19,83.5,14.1
18:41:29,1851,109,190.2,41.71,83.5,14.1
18:41:30,1871,110,188.5,42.56,83.5,14.1
18:41:31,1883,112,186.7,39.41,83.5,14.1
18:41:32,1896,112,180.2,37.63,83.5,14.1
18:41:33,1906,113,159.2,33.45,83.5,14.1
18:41:34,1911,113,146.7,29.27,83.5,14.1
18:41:35,1906,113,136.0,25.2,83.5,14.1
18:41:36,1900,112,128.7,22.61,83.5,14.1
18:41:37,1891,112,127.8,23.0,83.5,14.1
18:41:38,1881,111,132.5,23.77,83.5,14.1
18:41:39,1876,111,136.3,24.57,83.5,14.1
18:41:40,1870,111,141.0,26.33,83.5,14.1
18:41:41,1869,111,145.0,27.95,83.5,14.1
18:41:42,1873,111,147.7,28.96,83.5,14.1
18:41:43,1876,111,154.8,30.62,83.5,14.1
18:41:44,1890,111,172.0,35.29,83.5,14.1
18:41:45,1912,113,204.0,61.92,83.5,14.1
18:41:46,1945,115,205.3,56.18,83.5,14.1
18:41:47,1963,116,161.3,37.22,83.5,14.1
18:41:48,1961,117,138.4,27.3,83.5,14.1
18:41:49,1940,115,115.9,20.79,83.5,14.1
18:41:50,1913,113,124.0,23.51,83.5,14.1
18:41:51,1886,112,126.3,36.82,83.5,14.1
18:41:52,1861,110,124.3,35.94,83.5,14.1
18:41:53,1837,109,122.7,34.83,83.5,14.1
18:41:54,1813,107,120.7,34.07,83.5,14.1
18:41:55,1803,107,120.5,17.25,83.5,14.1
18:41:56,1790,106,114.3,18.57,83.5,14.1
18:41:57,1782,105,108.5,16.84,83.5,14.1
18:41:58,1778,105,111.7,16.58,83.5,14.1
18:41:59,1760,104,111.7,16.88,83.5,14.1
18:42:00,1722,102,116.5,31.44,83.5,14.1
18:42:01,1659,98,117.4,30.89,83.5,14.1
18:42:02,1586,94,116.2,29.21,83.5,14.1
18:42:03,1525,91,114.1,27.48,83.5,14.1
18:42:04,1482,88,112.8,25.92,83.5,14.1
18:42:05,1467,87,109.7,13.53,83.5,14.1
18:42:06,1215,86,109.0,14.05,83.5,14.1
18:42:07,1527,84,106.7,15.48,83.5,14.1
18:42:08,1387,82,111.5,12.32,83.5,14.1
18:42:09,1178,81,108.0,11.43,83.5,14.1
18:42:10,2014,79,109.5,24.9,83.5,14.1
18:42:11,1963,77,115.7,28.91,83.5,14.1
18:42:12,1908,75,118.7,35.33,83.5,14.1
18:42:13,1804,70,118.8,33.74,83.5,14.1
18:42:14,1694,66,117.3,31.3,83.5,14.1
18:42:15,1594,62,115.0,28.86,83.5,14.1
18:42:16,1533,59,113.3,21.68,83.5,14.1
18:42:17,1503,58,105.7,12.8,83.5,14.1
18:42:18,1484,58,103.5,12.73,83.5,14.1
18:42:19,1472,57,106.2,12.94,83.5,14.1
18:42:20,1468,57,108.6,13.42,83.5,14.1
18:42:21,1475,58,117.2,17.74,83.5,14.1
18:42:22,1500,59,133.6,22.66,83.5,14.1
18:42:23,1538,60,142.2,22.98,83.5,14.1
18:42:24,1569,61,138.8,22.36,83.5,14.1
18:42:25,1596,62,137.0,22.27,83.5,14.1
18:42:26,1620,63,136.2,21.94,83.5,14.1
18:42:27,1645,64,134.8,21.55,83.5,14.1
18:42:28,1667,65,130.5,20.5,83.5,14.1
18:42:29,1682,65,128.2,20.27,83.5,14.1
18:42:30,1546,66,121.2,19.58,74.8,14.1
18:42:31,1344,65,107.2,20.64,48.5,14.1
18:42:32,1317,65,113.0,18.96,83.5,14.1
18:42:33,1327,66,123.2,17.26,83.5,14.1
18:42:34,1343,66,131.6,21.31,83.5,14.1
18:42:35,1372,67,145.6,26.69,83.5,14.1
18:42:36,1404,69,153.2,26.05,83.5,14.1
18:42:37,1434,71,146.5,23.56,83.5,14.1
18:42:38,1448,72,132.2,19.88,83.5,14.1
18:42:39,1460,72,127.8,19.53,83.5,14.1
18:42:40,1472,73,132.1,21.19,83.5,14.1
18:42:41,1486,74,139.0,22.42,83.5,14.1
18:42:42,1501,74,137.5,21.81,83.5,14.1
18:42:43,1513,75,134.0,21.3,83.5,14.1
18:42:44,1524,75,131.5,20.14,83.5,14.1
18:42:45,1531,76,129.7,19.54,83.5,14.1
18:42:46,1537,76,127.3,18.94,83.5,14.1
18:42:47,1543,76,125.8,18.58,83.5,14.1
18:42:48,1547,76,124.7,18.06,83.5,14.1
18:42:49,1551,77,123.5,18.06,83.5,14.1
18:42:50,1553,77,122.3,17.64,83.5,14.1
18:42:51,1553,77,121.2,17.42,83.5,14.1
18:42:52,1555,77,120.8,17.25,83.5,14.1
18:42:53,1553,77,120.0,17.31,83.5,14.1
18:42:54,1553,77,120.5,17.14,83.5,14.1
18:42:55,1551,77,121.7,17.49,83.5,14.1
18:42:56,1551,77,122.0,19.21,83.5,14.1
18:42:57,1566,77,144.1,25.28,83.5,14.1
18:42:58,1589,78,164.8,31.77,83.5,14.1
18:42:59,1612,79,166.5,31.15,83.5,14.1
18:43:00,1637,81,162.5,30.45,83.5,14.1
18:43:01,1662,82,159.8,30.01,83.5,14.1
18:43:02,1687,83,154.0,28.56,83.5,14.1
18:43:03,1701,84,148.5,26.7,83.5,14.1
18:43:04,1712,85,143.2,25.72,83.5,14.1
18:43:05,1717,85,140.5,24.91,83.5,14.1
18:43:06,1716,85,140.2,25.12,83.5,14.1
18:43:07,1725,85,142.8,24.87,83.5,14.1
18:43:08,1730,86,141.6,25.22,83.5,14.1
18:43:09,1733,86,141.6,25.36,83.5,14.1
18:43:10,1734,86,142.0,25.04,83.5,14.1
18:43:11,1737,86,141.2,25.14,83.5,14.1
18:43:12,1739,86,142.0,25.26,83.5,14.1
18:43:13,1736,86,142.0,25.27,83.5,14.1
18:43:14,1738,86,142.0,25.12,83.5,14.1
18:43:15,1738,86,142.0,25.58,83.5,14.1
18:43:16,1741,86,142.9,25.5,83.5,14.1
18:43:17,1742,86,142.8,25.42,83.5,14.1
18:43:18,1740,86,142.8,25.61,83.5,14.1
18:43:19,1742,86,144.0,26.16,83.5,14.1
18:43:20,1741,86,144.7,26.37,83.5,14.1
18:43:21,1746,86,144.2,26.26,83.5,14.1
18:43:22,1743,86,143.0,26.25,83.5,14.1
18:43:23,1744,86,143.3,26.07,83.5,14.1
18:43:24,1744,86,144.0,26.09,83.5,14.1
18:43:25,1746,86,144.0,26.06,83.5,14.1
18:43:26,1745,86,144.0,26.12,83.5,14.1
18:43:27,1744,86,144.0,26.46,83.5,14.1
18:43:28,1744,86,144.0,26.42,83.5,14.1
18:43:29,1744,86,144.5,26.55,83.5,14.1
18:43:30,1743,86,145.0,26.57,83.5,14.1
18:43:31,1742,86,145.0,26.58,83.5,14.1
18:43:32,1745,86,146.0,26.77,83.5,14.1
18:43:33,1745,86,146.3,27.32,83.5,14.1
18:43:34,1745,86,147.5,27.28,83.5,14.1
18:43:35,1746,86,147.3,27.33,83.5,14.1
18:43:36,1748,86,147.8,27.23,83.5,14.1
18:43:37,1746,86,147.0,26.99,83.5,14.1
18:43:38,1746,86,147.0,27.12,83.5,14.1
18:43:39,1744,86,147.5,27.22,83.5,14.1
18:43:40,1741,86,148.7,27.33,83.5,14.1
18:43:41,1743,86,149.8,27.72,83.5,14.1
18:43:42,1744,86,148.8,27.57,83.5,14.1
18:43:43,1746,86,148.0,27.53,83.5,14.1
18:43:44,1746,86,148.0,27.49,83.5,14.1
18:43:45,1748,86,147.3,27.5,83.5,14.1
18:43:46,1748,86,147.0,26.94,83.5,14.1
18:43:47,1745,86,146.3,27.02,83.5,14.1
18:43:48,1748,86,148.0,27.43,83.5,14.1
18:43:49,1749,86,147.0,26.93,83.5,14.1
18:43:50,1746,86,146.0,27.09,83.5,14.1
18:43:51,1745,86,146.8,27.32,83.5,14.1
18:43:52,1747,86,146.1,27.0,83.5,14.1
18:43:53,1746,86,146.0,27.08,83.5,14.1
18:43:54,1745,86,146.0,27.17,83.5,14.1
18:43:55,1743,86,146.0,26.79,83.5,14.1
18:43:56,1744,86,146.0,27.11,83.5,14.1
18:43:57,1745,86,146.2,27.19,83.5,14.1
18:43:58,1741,86,147.7,27.28,83.5,14.1
18:43:59,1741,86,150.4,27.94,83.5,14.1
18:44:00,1742,86,154.3,29.05,83.5,14.1
18:44:01,1739,86,155.2,29.02,83.5,14.1
18:44:02,1740,86,154.1,28.66,83.5,14.1
18:44:03,1743,86,154.0,28.81,83.5,14.1
18:44:04,1744,86,154.0,28.99,83.5,14.1
18:44:05,1745,86,154.0,28.84,83.5,14.1
18:44:06,1745,86,154.8,28.89,83.5,14.1
18:44:07,1745,86,155.0,28.96,83.5,14.1
18:44:08,1745,86,155.0,29.01,83.5,14.1
18:44:09,1744,86,155.0,29.01,83.5,14.1
18:44:10,1746,86,155.0,29.06,83.5,14.1
18:44:11,1746,86,154.2,28.8,83.5,14.1
18:44:12,1744,86,153.2,29.09,83.5,14.1
18:44:13,1745,86,154.8,29.1,83.5,14.1
18:44:14,1744,86,154.4,29.17,83.5,14.1
18:44:15,1746,86,155.0,29.1,83.5,14.1
18:44:16,1745,86,155.8,29.25,83.5,14.1
18:44:17,1744,86,156.8,29.43,83.5,14.1
18:44:18,1747,86,155.8,29.21,83.5,14.1
18:44:19,1747,86,155.0,29.25,83.5,14.1
18:44:20,1744,86,155.6,29.55,83.5,14.1
18:44:21,1746,86,156.0,29.39,83.5,14.1
18:44:22,1744,86,155.9,29.4,83.5,14.1
18:44:23,1743,86,155.0,29.03,83.5,14.1
18:44:24,1743,86,155.0,29.32,83.5,14.1
18:44:25,1745,86,154.4,29.24,83.5,14.1
18:44:26,1745,86,154.0,28.88,83.5,14.1
18:44:27,1745,86,154.1,29.14,83.5,14.1
18:44:28,1745,86,155.0,29.07,83.5,14.1
18:44:29,1742,86,155.3,29.41,83.5,14.1
18:44:30,1743,86,156.0,29.86,83.5,14.1
18:44:31,1744,86,156.0,29.57,83.5,14.1
18:44:32,1745,86,155.2,29.54,83.5,14.1
18:44:33,1745,86,154.2,29.31,83.5,14.1
18:44:34,1749,86,154.6,28.96,83.5,14.1
18:44:35,1748,86,153.4,28.85,83.5,14.1
18:44:36,1745,86,153.0,28.63,83.5,14.1
18:44:37,1745,86,153.0,28.57,83.5,14.1
18:44:38,1746,86,153.0,28.76,83.5,14.1
18:44:39,1748,87,153.0,28.92,83.5,14.1
18:44:40,1749,86,152.3,28.47,83.5,14.1
18:44:41,1748,86,151.2,28.19,83.5,14.1
18:44:42,1745,86,151.8,28.47,83.5,14.1
18:44:43,1744,86,151.0,28.3,83.5,14.1
18:44:44,1735,86,152.0,27.27,83.5,14.1
18:44:45,1709,85,128.2,19.78,83.5,14.1
18:44:46,1700,83,120.0,19.77,83.5,14.1
18:44:47,1652,81,131.1,27.0,83.5,14.1
18:44:48,1651,81,164.8,31.9,83.5,14.1
18:44:49,1662,82,173.3,33.55,83.5,14.1
18:44:50,1676,83,170.4,33.45,83.5,14.1
18:44:51,1690,84,169.2,33.05,83.5,14.1
18:44:52,1700,84,166.1,32.47,83.5,14.1
18:44:53,1716,85,162.2,31.08,83.5,14.1
18:44:54,1730,85,154.5,29.22,83.5,14.1
18:44:55,1740,86,147.3,27.21,83.5,14.1
18:44:56,1742,86,140.0,25.72,83.5,14.1
18:44:57,1747,86,137.1,25.05,83.5,14.1
18:44:58,1747,87,138.0,24.18,83.5,14.1
18:44:59,1745,86,137.0,23.85,83.5,14.1
18:45:00,1748,86,136.0,23.33,83.5,14.1
18:45:01,1750,86,135.2,23.03,83.5,14.1
18:45:02,1748,86,133.0,22.64,83.5,14.1
18:45:03,1749,86,132.3,22.32,83.5,14.1
18:45:04,1750,86,130.5,21.42,83.5,14.1
18:45:05,1749,86,129.3,21.06,83.5,14.1
18:45:06,1752,87,127.3,20.64,83.5,14.1
18:45:07,1754,87,124.7,20.04,83.5,14.1
18:45:08,1755,87,122.3,19.27,83.5,14.1
18:45:09,1756,87,120.0,18.72,83.5,14.1
18:45:10,1754,87,118.3,18.36,83.5,14.1
18:45:11,1758,87,118.0,18.32,83.5,14.1
18:45:12,1757,87,117.8,18.2,83.5,14.1
18:45:13,1755,87,117.0,18.32,83.5,14.1
18:45:14,1757,87,116.5,18.1,83.5,14.1
18:45:15,1762,87,115.3,17.79,83.5,14.1
18:45:16,1759,87,110.8,16.82,83.5,14.1
18:45:17,1761,87,106.8,16.01,83.5,14.1
18:45:18,1757,87,105.7,16.04,83.5,14.1
18:45:19,1756,87,104.5,15.78,83.5,14.1
18:45:20,1752,87,104.7,15.87,83.5,14.1
18:45:21,1748,86,105.0,15.97,83.5,14.1
18:45:22,1740,86,107.3,16.16,83.5,14.1
18:45:23,1730,85,109.7,16.29,83.5,14.1
18:45:24,1728,86,111.5,15.91,83.5,14.1
18:45:25,1725,86,112.7,15.74,83.5,14.1
18:45:26,1727,85,114.7,15.82,83.5,14.1
18:45:27,1728,85,115.0,16.2,83.5,14.1
18:45:28,1729,86,115.0,15.83,83.5,14.1
18:45:29,1732,86,115.0,16.01,83.5,14.1
18:45:30,1731,85,115.8,16.34,83.5,14.1
18:45:31,1731,86,116.0,16.54,83.5,14.1
18:45:32,1731,86,116.2,16.77,83.5,14.1
18:45:33,1730,86,117.3,17.05,83.5,14.1
18:45:34,1730,86,118.5,17.49,83.5,14.1
18:45:35,1729,86,119.0,18.39,83.5,14.1
18:45:36,1729,85,119.8,18.77,83.5,14.1
18:45:37,1728,85,121.5,19.2,83.5,14.1
18:45:38,1727,86,123.8,19.84,83.5,14.1
18:45:39,1729,85,126.3,20.25,83.5,14.1
18:45:40,1728,85,127.3,20.77,83.5,14.1
18:45:41,1721,85,131.8,21.9,83.5,14.1
18:45:42,1726,85,134.4,22.72,83.5,14.1
18:45:43,1728,85,135.6,23.02,83.5,14.1
18:45:44,1729,86,137.5,23.91,83.5,14.1
18:45:45,1732,86,138.8,24.88,83.5,14.1
18:45:46,1734,86,142.2,25.88,83.5,14.1
18:45:47,1731,86,143.0,25.69,83.5,14.1
18:45:48,1733,86,143.5,25.83,83.5,14.1
18:45:49,1737,86,144.7,26.44,83.5,14.1
18:45:50,1738,86,145.0,26.6,83.5,14.1
18:45:51,1742,86,144.0,26.51,83.5,14.1
18:45:52,1742,86,144.3,26.5,83.5,14.1
18:45:53,1743,86,144.5,26.57,83.5,14.1
18:45:54,1746,86,144.0,26.29,83.5,14.1
18:45:55,1748,86,144.0,26.32,83.5,14.1
18:45:56,1746,86,143.8,26.23,83.5,14.1
18:45:57,1746,86,142.7,26.19,83.5,14.1
18:45:58,1749,87,141.5,25.57,83.5,14.1
18:45:59,1752,87,140.3,25.29,83.5,14.1
18:46:00,1752,87,139.2,24.72,83.5,14.1
18:46:01,1755,87,138.0,24.36,83.5,14.1
18:46:02,1760,87,136.8,24.15,83.5,14.1
18:46:03,1757,87,135.3,23.53,83.5,14.1
18:46:04,1762,87,132.4,22.07,83.5,14.1
18:46:05,1761,87,129.5,21.19,83.5,14.1
18:46:06,1757,87,127.2,20.65,83.5,14.1
18:46:07,1757,87,124.8,20.38,83.5,14.1
18:46:08,1756,87,123.7,20.11,83.5,14.1
18:46:09,1758,87,122.5,19.44,83.5,14.1
18:46:10,1760,87,120.7,19.1,83.5,14.1
18:46:11,1762,87,119.2,18.72,83.5,14.1
18:46:12,1757,87,117.0,18.44,83.5,14.1
18:46:13,1759,87,117.0,18.42,83.5,14.1
18:46:14,1758,87,116.6,18.06,83.5,14.1
18:46:15,1758,87,115.4,18.0,83.5,14.1
18:46:16,1757,87,114.2,17.83,83.5,14.1
18:46:17,1753,87,114.0,17.81,83.5,14.1
18:46:18,1753,87,113.8,17.76,83.5,14.1
18:46:19,1753,87,113.0,16.55,83.5,14.1
18:46:20,1752,87,113.0,16.13,83.5,14.1
18:46:21,1752,87,113.0,16.16,83.5,14.1
18:46:22,1752,86,113.0,16.2,83.5,14.1
18:46:23,1752,86,113.0,16.23,83.5,14.1
18:46:24,1599,86,110.1,15.58,83.5,14.1
18:46:25,1449,86,110.2,13.19,83.5,14.1
18:46:26,1450,86,111.8,13.6,83.5,14.1
18:46:27,1452,86,111.0,13.46,83.5,14.1
18:46:28,1455,86,111.0,13.3,83.5,14.1
18:46:29,1455,86,111.0,13.24,83.5,14.1
18:46:30,1459,86,110.2,13.22,83.5,14.1
18:46:31,1459,86,110.0,13.3,83.5,14.1
18:46:32,1458,86,110.0,13.36,83.5,14.1
18:46:33,1458,86,110.0,13.18,83.5,14.1
18:46:34,1458,86,110.0,13.18,83.5,14.1
18:46:35,1459,86,110.0,13.17,83.5,14.1
18:46:36,1459,86,110.0,13.25,83.5,14.1
18:46:37,1456,86,110.0,13.15,83.5,14.1
18:46:38,1454,86,110.3,13.18,83.5,14.1
18:46:39,1455,86,111.5,13.32,83.5,14.1
18:46:40,1452,86,112.7,13.86,83.5,14.1
18:46:41,1451,86,114.1,14.89,83.5,14.1
18:46:42,1450,85,116.5,15.34,83.5,14.1
18:46:43,1447,86,118.4,15.55,83.5,14.1
18:46:44,1445,85,119.0,16.08,83.5,14.1
18:46:45,1445,85,119.7,16.46,83.5,14.1
18:46:46,1444,85,123.0,17.03,83.5,14.1
18:46:47,1440,85,126.5,17.74,83.5,14.1
18:46:48,1442,85,128.8,18.88,83.5,14.1
18:46:49,1444,85,130.0,19.26,83.5,14.1
18:46:50,1446,86,130.0,19.62,83.5,14.1
18:46:51,1444,86,132.0,20.32,83.5,14.1
18:46:52,1447,86,134.5,20.88,83.5,14.1
18:46:53,1452,86,137.2,22.04,83.5,14.1
18:46:54,1454,86,138.4,21.93,83.5,14.1
18:46:55,1452,86,137.2,21.48,83.5,14.1
18:46:56,1455,86,135.0,21.44,83.5,14.1
18:46:57,1456,86,134.3,21.0,83.5,14.1
18:46:58,1457,86,134.5,21.04,83.5,14.1
18:46:59,1459,86,134.0,21.0,83.5,14.1
18:47:00,1461,86,133.2,20.71,83.5,14.1
18:47:01,1460,86,133.0,20.63,83.5,14.1
18:47:02,1461,86,132.8,20.34,83.5,14.1
18:47:03,1460,86,124.5,15.84,83.5,14.1
18:47:04,1454,86,109.7,13.8,83.5,14.1
18:47:05,1448,86,105.3,13.66,83.5,14.1
18:47:06,1442,85,107.5,14.22,83.5,14.1
18:47:07,1436,85,112.4,14.51,83.5,14.1
18:47:08,1432,85,113.5,14.76,83.5,14.1
18:47:09,1429,84,116.7,15.81,83.5,14.1
18:47:10,1430,85,121.2,16.24,83.5,14.1
18:47:11,1433,85,119.8,16.14,83.5,14.1
18:47:12,1438,85,119.3,16.04,83.5,14.1
18:47:13,1442,85,120.5,16.4,83.5,14.1
18:47:14,1448,86,120.3,16.29,83.5,14.1
18:47:15,1452,86,118.2,16.0,83.5,14.1
18:47:16,1455,86,115.2,15.03,83.5,14.1
18:47:17,1461,86,112.3,14.77,83.5,14.1
18:47:18,1469,86,118.0,19.67,83.5,14.1
18:47:19,1495,88,151.0,36.18,83.5,14.1
18:47:20,1539,91,197.3,45.79,83.5,14.1
18:47:21,1596,95,208.5,49.89,83.5,14.1
18:47:22,1661,98,209.3,52.18,83.5,14.1
18:47:23,1705,101,204.5,52.28,83.5,14.1
18:47:24,1748,104,196.3,51.82,83.5,14.1
18:47:25,1792,106,189.8,47.72,83.5,14.1
18:47:26,1828,108,180.8,38.58,83.5,14.1
18:47:27,1854,109,178.3,36.45,83.5,14.1
18:47:28,1877,111,171.5,35.96,83.5,14.1
18:47:29,1894,112,163.8,33.55,83.5,14.1
18:47:30,1909,113,153.0,30.91,83.5,14.1
18:47:31,1923,114,143.6,29.04,83.5,14.1
18:47:32,1930,114,141.2,27.83,83.5,14.1
18:47:33,1934,114,139.4,26.77,83.5,14.1
18:47:34,1939,115,136.8,25.9,83.5,14.1
18:47:35,1943,115,135.1,25.47,83.5,14.1
18:47:36,1945,115,133.9,25.2,83.5,14.1
18:47:37,1946,115,133.0,24.71,83.5,14.1
18:47:38,1946,115,133.0,24.6,83.5,14.1
18:47:39,1948,115,132.3,24.63,83.5,14.1
18:47:40,1948,115,131.2,24.26,83.5,14.1
18:47:41,1953,116,129.8,23.92,83.5,14.1
18:47:42,1951,116,127.8,23.49,83.5,14.1
18:47:43,1952,116,126.5,22.8,83.5,14.1
18:47:44,1954,116,124.7,22.36,83.5,14.1
18:47:45,1956,116,122.4,21.92,83.5,14.1
18:47:46,1957,116,121.9,21.71,83.5,14.1
18:47:47,1956,116,120.8,21.51,83.5,14.1
18:47:48,1952,116,120.4,21.41,83.5,14.1
18:47:49,1952,116,120.4,21.94,83.5,14.1
18:47:50,1951,115,119.2,21.25,83.5,14.1
18:47:51,1951,115,119.9,21.44,83.5,14.1
18:47:52,1953,115,120.2,21.52,83.5,14.1
18:47:53,1944,115,121.0,21.65,83.5,14.1
18:47:54,1946,115,120.4,21.56,83.5,14.1
18:47:55,1940,115,117.8,20.33,83.5,14.1
18:47:56,1936,115,115.2,19.04,83.5,14.1
18:47:57,1922,114,118.0,20.0,83.5,14.1
18:47:58,1925,114,125.7,22.89,83.5,14.1
18:47:59,1924,114,132.3,25.14,83.5,14.1
18:48:00,1925,114,137.5,26.03,83.5,14.1
18:48:01,1926,114,139.2,26.9,83.5,14.1
18:48:02,1928,114,142.2,27.65,83.5,14.1
18:48:03,1929,114,142.6,27.92,83.5,14.1
18:48:04,1932,115,142.0,27.97,83.5,14.1
18:48:05,1935,115,142.0,27.9,83.5,14.1
18:48:06,1932,114,143.2,28.19,83.5,14.1
18:48:07,1934,115,144.5,28.63,83.5,14.1
18:48:08,1936,115,146.9,29.35,83.5,14.1
18:48:09,1936,114,149.3,29.89,83.5,14.1
18:48:10,1942,115,150.0,29.33,83.5,14.1
18:48:11,1943,115,151.6,29.7,83.5,14.1
18:48:12,1939,115,148.8,30.04,83.5,14.1
18:48:13,1940,115,148.0,29.7,83.5,14.1
18:48:14,1942,115,148.0,29.71,83.5,14.1
18:48:15,1943,115,148.0,29.7,83.5,14.1
18:48:16,1945,115,148.9,29.88,83.5,14.1
18:48:17,1944,115,149.0,30.28,83.5,14.1
18:48:18,1948,115,148.6,30.17,83.5,14.1
18:48:19,1947,115,147.4,30.14,83.5,14.1
18:48:20,1946,115,147.8,29.7,83.5,14.1
18:48:21,1945,115,148.0,29.9,83.5,14.1
18:48:22,1947,115,148.0,29.49,83.5,14.1
18:48:23,1947,115,147.5,29.9,83.5,14.1
18:48:24,1947,115,142.3,27.78,83.5,14.1
18:48:25,1938,115,125.8,22.76,83.5,14.1
18:48:26,1927,114,109.3,18.29,83.5,14.1
18:48:27,1922,114,112.3,20.46,83.5,14.1
18:48:28,1908,113,118.0,19.79,83.5,14.1
18:48:29,1890,112,111.7,19.51,83.5,14.1
18:48:30,1870,111,119.6,28.79,83.5,14.1
18:48:31,1843,109,120.8,34.72,83.5,14.1
18:48:32,1798,106,119.7,33.66,83.5,14.1
18:48:33,1749,103,118.0,32.31,83.5,14.1
18:48:34,1721,102,116.3,26.52,83.5,14.1
18:48:35,1724,102,121.8,23.38,83.5,14.1
18:48:36,1752,103,154.8,31.04,83.5,14.1
18:48:37,1784,105,156.3,30.44,83.5,14.1
18:48:38,1817,107,146.5,27.22,83.5,14.1
18:48:39,1843,109,138.7,24.64,83.5,14.1
18:48:40,1840,110,115.1,20.56,83.5,14.1
18:48:41,1856,110,114.2,21.37,83.5,14.1
18:48:42,1856,110,121.4,34.14,83.5,14.1
18:48:43,1855,110,122.0,35.24,83.5,14.1
18:48:44,1854,110,121.3,35.12,83.5,14.1
18:48:45,1853,110,120.2,34.8,83.5,14.1
18:48:46,1854,110,119.8,34.34,83.5,14.1
18:48:47,1848,110,119.0,34.16,83.5,14.1
18:48:48,1846,109,118.5,34.25,83.5,14.1
18:48:49,1843,109,118.0,34.12,83.5,14.1
18:48:50,1846,109,117.8,34.19,83.5,14.1
18:48:51,1851,109,116.5,22.41,83.5,14.1
18:48:52,1868,110,114.4,18.05,83.5,14.1
18:48:53,1869,110,105.8,17.95,83.5,14.1
18:48:54,1877,111,108.3,18.05,83.5,14.1
18:48:55,1886,112,110.8,18.09,83.5,14.1
18:48:56,1893,112,110.0,18.59,83.5,14.1
18:48:57,1900,112,110.5,18.58,83.5,14.1
18:48:58,1902,113,111.7,18.33,83.5,14.1
18:48:59,1905,113,113.7,18.53,83.5,14.1
18:49:00,1907,113,117.5,18.76,83.5,14.1
18:49:01,1910,113,121.0,19.45,83.5,14.1
18:49:02,1911,113,125.0,22.26,83.5,14.1
18:49:03,1915,113,128.3,23.33,83.5,14.1
18:49:04,1917,114,131.2,24.2,83.5,14.1
18:49:05,1922,114,134.0,25.14,83.5,14.1
18:49:06,1924,114,135.0,25.08,83.5,14.1
18:49:07,1927,114,136.0,25.65,83.5,14.1
18:49:08,1931,114,137.0,25.88,83.5,14.1
18:49:09,1937,115,136.2,25.55,83.5,14.1
18:49:10,1939,115,134.7,25.31,83.5,14.1
18:49:11,1942,115,132.7,24.71,83.5,14.1
18:49:12,1941,115,131.5,23.98,83.5,14.1
18:49:13,1942,115,131.0,24.38,83.5,14.1
18:49:14,1943,115,132.8,25.03,83.5,14.1
18:49:15,1944,115,132.8,24.61,83.5,14.1
18:49:16,1946,115,131.6,24.15,83.5,14.1
18:49:17,1946,115,131.0,24.26,83.5,14.1
18:49:18,1946,115,129.5,23.39,83.5,14.1
18:49:19,1940,115,120.2,21.01,83.5,14.1
18:49:20,1928,114,112.0,19.18,83.5,14.1
18:49:21,1910,113,109.3,18.66,83.5,14.1
18:49:22,1887,112,118.7,20.25,83.5,14.1
18:49:23,1874,111,124.2,20.57,83.5,14.1
18:49:24,1861,110,119.1,19.48,83.5,14.1
18:49:25,1850,110,109.8,18.13,83.5,14.1
18:49:26,1846,109,117.9,19.4,83.5,14.1
18:49:27,1843,109,119.1,19.48,83.5,14.1
18:49:28,1842,109,114.8,18.7,83.5,14.1
18:49:29,1839,109,112.3,17.3,83.5,14.1
18:49:30,1836,109,108.2,17.19,83.5,14.1
18:49:31,1824,108,104.0,16.63,83.5,14.1
18:49:32,1814,108,108.5,17.33,83.5,14.1
18:49:33,1804,106,115.0,18.37,83.5,14.1
18:49:34,1796,106,116.0,18.66,83.5,14.1
18:49:35,1783,105,116.0,18.42,83.5,14.1
18:49:36,1777,105,116.7,18.37,83.5,14.1
18:49:37,1773,105,119.0,18.61,83.5,14.1
18:49:38,1774,105,120.7,18.72,83.5,14.1
18:49:39,1773,105,120.2,18.62,83.5,14.1
18:49:40,1773,105,120.0,18.62,83.5,14.1
18:49:41,1771,105,119.7,18.58,83.5,14.1
18:49:42,1776,105,119.5,18.51,83.5,14.1
18:49:43,1784,106,120.7,18.83,83.5,14.1
18:49:44,1794,106,121.0,19.05,83.5,14.1
18:49:45,1803,107,111.2,17.8,83.5,14.1
18:49:46,1815,107,109.0,17.43,83.5,14.1
18:49:47,1832,108,116.2,18.66,83.5,14.1
18:49:48,1854,109,120.0,19.5,83.5,14.1
18:49:49,1871,111,117.8,18.24,83.5,14.1
18:49:50,1885,112,115.1,17.71,83.5,14.1
18:49:51,1895,112,113.9,17.98,83.5,14.1
18:49:52,1906,113,112.4,18.91,83.5,14.1
18:49:53,1911,113,109.0,18.33,83.5,14.1
18:49:54,1911,113,107.0,18.19,83.5,14.1
18:49:55,1915,113,109.5,18.55,83.5,14.1
18:49:56,1915,113,112.5,18.84,83.5,14.1
18:49:57,1912,114,116.3,18.9,83.5,14.1
18:49:58,1917,114,120.5,19.64,83.5,14.1
18:49:59,1920,114,123.3,20.82,83.5,14.1
18:50:00,1922,114,124.0,22.02,83.5,14.1
18:50:01,1925,114,124.2,22.13,83.5,14.1
18:50:02,1928,114,125.0,22.22,83.5,14.1
18:50:03,1930,114,125.5,22.09,83.5,14.1
18:50:04,1934,114,126.0,22.2,83.5,14.1
18:50:05,1937,115,125.2,22.36,83.5,14.1
18:50:06,1939,115,125.0,22.37,83.5,14.1
18:50:07,1946,115,124.5,22.4,83.5,14.1
18:50:08,1946,116,122.2,21.75,83.5,14.1
18:50:09,1944,115,121.0,21.8,83.5,14.1
18:50:10,1948,116,121.8,21.65,83.5,14.1
18:50:11,1948,116,120.9,21.57,83.5,14.1
18:50:12,1953,116,118.5,20.8,83.5,14.1
18:50:13,1952,116,113.2,19.4,83.5,14.1
18:50:14,1944,115,112.7,23.38,83.5,14.1
18:50:15,1928,114,119.0,35.66,83.5,14.1
18:50:16,1892,112,120.0,35.61,83.5,14.1
18:50:17,1843,109,118.8,34.6,83.5,14.1
18:50:18,1792,106,117.6,33.46,83.5,14.1
18:50:19,1745,103,116.4,32.04,83.5,14.1
18:50:20,1706,101,115.2,31.22,83.5,14.1
18:50:21,1674,99,114.9,30.34,83.5,14.1
18:50:22,1646,98,113.8,29.48,83.5,14.1
18:50:23,1630,97,113.0,29.28,83.5,14.1
18:50:24,1617,96,112.4,25.29,83.5,14.1
18:50:25,1610,95,113.5,14.97,83.5,14.1
18:50:26,1607,95,107.8,15.15,83.5,14.1
18:50:27,1625,95,119.8,24.91,83.5,14.1
18:50:28,1656,98,171.9,44.46,83.5,14.1
18:50:29,1704,101,200.5,53.18,83.5,14.1
18:50:30,1759,104,192.8,49.01,83.5,14.1
18:50:31,1794,106,183.6,41.14,83.5,14.1
18:50:32,1828,108,181.2,37.2,83.5,14.1
18:50:33,1855,110,176.1,36.51,83.5,14.1
18:50:34,1880,111,167.3,34.06,83.5,14.1
18:50:35,1901,113,154.2,31.09,83.5,14.1
18:50:36,1915,113,143.2,28.64,83.5,14.1
18:50:37,1924,114,137.2,26.18,83.5,14.1
18:50:38,1933,114,134.2,24.91,83.5,14.1
18:50:39,1936,115,131.8,24.2,83.5,14.1
18:50:40,1939,115,129.5,23.53,83.5,14.1
18:50:41,1943,115,129.8,23.56,83.5,14.1
18:50:42,1943,115,129.0,23.59,83.5,14.1
18:50:43,1942,115,127.3,23.37,83.5,14.1
18:50:44,1925,115,117.5,19.58,83.5,14.1
18:50:45,1906,114,114.2,21.65,83.5,14.1
18:50:46,1879,112,121.4,30.84,83.5,14.1
18:50:47,1836,109,121.5,34.96,83.5,14.1
18:50:48,1797,106,119.6,33.61,83.5,14.1
18:50:49,1758,104,118.4,32.58,83.5,14.1
18:50:50,1735,103,117.2,32.0,83.5,14.1
18:50:51,1716,102,116.1,31.39,83.5,14.1
18:50:52,1693,100,115.8,30.84,83.5,14.1
18:50:53,1668,100,115.0,30.49,83.5,14.1
18:50:54,1639,99,114.0,14.69,83.5,14.1
18:50:55,1641,97,115.8,20.52,83.5,37.2
18:50:56,1641,97,127.9,21.24,83.5,38.8
18:50:57,1645,97,130.8,20.38,83.5,38.8
18:50:58,1655,98,129.7,20.46,83.5,38.1
18:50:59,1659,98,126.0,19.2,83.5,37.1
18:51:00,1664,98,122.3,18.64,83.5,36.9
18:51:01,1664,99,123.7,19.12,83.5,37.0
18:51:02,1667,99,124.2,19.2,83.5,37.3
18:51:03,1666,99,125.0,19.2,83.5,37.1
18:51:04,1659,98,123.5,17.83,83.5,19.8
18:51:05,1656,98,116.3,16.27,83.5,14.1
18:51:06,1640,97,106.2,14.73,83.5,14.1
18:51:07,1620,96,109.9,21.58,83.5,14.1
18:51:08,1589,94,115.0,28.12,83.5,14.1
18:51:09,1564,93,114.6,28.37,83.5,14.1
18:51:10,1546,92,112.8,25.86,83.5,30.8
18:51:11,1544,92,124.4,22.19,83.5,42.6
18:51:12,1558,92,146.9,27.13,83.5,45.1
18:51:13,1579,93,158.5,27.68,83.5,44.3
18:51:14,1594,94,146.8,25.23,83.5,43.2
18:51:15,1604,95,140.3,23.11,83.5,42.5
18:51:16,1618,96,142.2,24.97,83.5,41.2
18:51:17,1619,96,125.8,19.13,83.5,31.6
18:51:18,1608,95,104.8,13.74,83.5,25.1
18:51:19,1595,95,104.3,14.38,83.5,17.2
18:51:20,1575,94,111.6,17.24,83.5,14.1
18:51:21,1558,92,114.5,25.21,83.5,14.1
18:51:22,1540,91,114.2,27.63,83.5,14.1
18:51:23,1517,90,113.8,27.23,83.5,14.1
18:51:24,1498,89,112.2,26.57,83.5,20.8
18:51:25,1491,88,108.8,12.45,83.5,29.4
18:51:26,1495,88,110.3,14.61,83.5,32.6
18:51:27,1500,88,120.3,17.63,83.5,36.2
18:51:28,1507,89,123.2,17.16,83.5,36.5
18:51:29,1517,90,122.0,17.35,83.5,36.5
18:51:30,1524,90,122.7,17.46,83.5,36.5
18:51:31,1534,90,128.5,20.61,83.5,36.5
18:51:32,1540,91,131.7,19.92,83.5,37.8
18:51:33,1556,92,136.0,21.59,83.5,38.3
18:51:34,1573,93,129.7,19.74,83.5,38.0
18:51:35,1580,94,128.5,20.17,83.5,37.8
18:51:36,1590,94,129.6,19.7,83.5,37.9
18:51:37,1599,94,129.0,19.62,83.5,39.2
18:51:38,1610,95,129.7,20.37,83.5,39.2
18:51:39,1617,96,130.0,20.29,83.5,39.1
18:51:40,1624,96,129.9,20.2,83.5,38.5
18:51:41,1631,96,128.5,20.04,83.5,38.2
18:51:42,1633,96,127.0,19.46,83.5,38.1
18:51:43,1640,97,127.0,19.36,83.5,38.0
18:51:44,1650,98,126.3,19.56,83.5,37.6
18:51:45,1655,98,126.0,19.44,83.5,37.6
18:51:46,1660,98,125.6,19.23,83.5,37.3
18:51:47,1665,99,123.7,18.96,83.5,36.4
18:51:48,1664,99,116.0,17.44,83.5,19.6
18:51:49,1652,98,108.3,16.55,83.5,14.1
18:51:50,1605,96,113.8,23.86,83.5,14.1
18:51:51,1507,89,114.8,27.27,83.5,17.4
18:51:52,1416,84,112.5,15.33,83.5,18.6
18:51:53,1398,83,111.0,16.4,83.5,14.1
18:51:54,1382,82,110.4,23.88,83.5,14.1
18:51:55,1358,80,109.2,23.28,83.5,14.1
18:51:56,1292,77,108.8,22.04,83.5,14.1
18:51:57,1212,71,106.5,20.54,83.5,19.0
18:51:58,1179,70,102.9,10.09,83.5,23.6
18:51:59,1268,70,100.0,9.11,83.5,21.9
18:52:00,1412,70,103.8,14.36,83.5,32.4
18:52:01,1423,70,114.7,14.8,83.5,33.6
18:52:02,1432,71,120.5,15.64,83.5,33.9
18:52:03,1440,71,118.2,15.58,83.5,33.7
18:52:04,1452,72,117.0,16.39,83.5,33.7
18:52:05,1470,73,125.0,20.16,83.5,38.9
18:52:06,1483,73,128.0,18.74,83.5,35.6
18:52:07,1491,74,115.8,15.77,83.5,34.0
18:52:08,1505,74,114.2,15.71,83.5,33.7
18:52:09,1528,75,113.8,15.69,83.5,30.6
18:52:10,1552,76,109.1,13.98,83.5,29.0
18:52:11,1580,78,107.7,13.98,83.5,29.3
18:52:12,1608,80,108.0,14.39,83.5,24.1
18:52:13,1619,80,109.2,15.12,83.5,14.1
18:52:14,1625,80,114.2,27.1,83.5,20.9
18:52:15,1637,81,116.0,17.06,83.5,25.6
18:52:16,1648,82,108.0,15.14,83.5,27.6
18:52:17,1653,82,105.3,14.81,83.5,28.9
18:52:18,1659,82,110.8,15.4,83.5,32.6
18:52:19,1663,82,120.2,18.84,83.5,36.6
18:52:20,1669,82,128.9,20.96,83.5,38.6
18:52:21,1678,83,141.2,24.65,83.5,43.2
18:52:22,1687,84,150.8,27.94,83.5,43.9
18:52:23,1689,83,152.8,28.14,83.5,43.9
18:52:24,1687,84,144.5,26.64,83.5,40.0
18:52:25,1676,83,124.1,18.52,83.5,36.1
18:52:26,1670,83,115.5,17.31,83.5,32.6
18:52:27,1654,82,107.3,16.05,83.5,18.8
18:52:28,1627,81,113.8,25.69,83.5,14.1
18:52:29,1605,80,116.0,29.5,83.5,14.1
18:52:30,1586,79,115.5,27.7,83.5,14.1
18:52:31,1581,78,109.7,18.92,83.5,27.4
18:52:32,1586,79,106.2,13.85,83.5,28.6
18:52:33,1593,79,109.5,14.32,83.5,33.3
18:52:34,1598,79,123.7,19.96,83.5,40.4
18:52:35,1611,79,145.2,27.16,83.5,43.8
18:52:36,1622,81,146.0,24.89,83.5,41.4
18:52:37,1630,81,128.0,20.8,83.5,41.6
18:52:38,1652,82,153.5,36.28,83.5,49.6
18:52:39,1691,84,189.4,48.62,83.5,50.6
18:52:40,1740,86,191.0,50.42,83.5,50.6
18:52:41,1783,89,191.9,52.46,83.5,50.6
18:52:42,1836,91,205.8,58.62,83.5,55.2
18:52:43,1884,93,214.2,49.03,66.0,51.0
18:52:44,1477,93,113.4,23.94,55.3,24.4
18:52:45,1576,92,115.5,22.6,82.2,38.6
18:52:46,1574,92,161.0,39.12,83.5,53.2
18:52:47,1594,94,174.0,45.39,79.1,41.0
18:52:48,1591,94,138.0,27.76,44.1,16.0
18:52:49,1595,94,147.7,24.9,83.5,14.1
18:52:50,1596,94,147.5,25.84,83.5,14.1
18:52:51,1600,94,150.7,26.44,83.5,14.1
18:52:52,1605,95,151.0,26.22,83.5,14.1
18:52:53,1623,94,128.0,21.46,83.5,14.1
18:52:54,1604,94,124.5,21.27,83.5,14.1
18:52:55,1598,94,153.2,26.36,83.5,14.1
18:52:56,1605,95,146.3,25.45,83.5,14.1
18:52:57,1607,95,139.5,23.67,83.5,14.1
18:52:58,1612,96,138.7,23.47,83.5,14.1
18:52:59,1616,96,136.5,22.44,83.5,14.1
18:53:00,1619,96,132.7,21.44,83.5,14.1
18:53:01,1620,96,130.3,20.19,83.5,14.1
18:53:02,1625,96,127.5,19.21,83.5,14.1
18:53:03,1627,96,124.0,18.53,83.5,14.1
18:53:04,1628,96,120.5,17.84,83.5,14.1
18:53:05,1628,96,118.8,17.56,83.5,14.1
18:53:06,1628,96,118.0,17.45,83.5,14.1
18:53:07,1628,96,114.0,15.64,83.5,14.1
18:53:08,1624,96,108.7,14.09,83.5,14.1
18:53:09,1618,96,109.7,14.18,83.5,14.1
18:53:10,1616,95,111.8,14.86,83.5,14.1
18:53:11,1615,95,116.7,15.5,83.5,14.1
18:53:12,1615,95,118.0,16.2,83.5,14.1
18:53:13,1618,96,117.3,16.88,83.5,14.1
18:53:14,1620,96,114.5,16.44,83.5,14.1
18:53:15,1617,96,113.2,16.46,83.5,14.1
18:53:16,1620,96,113.7,16.15,83.5,14.1
18:53:17,1620,96,113.0,16.1,83.5,14.1
18:53:18,1624,96,113.0,16.0,83.5,14.1
18:53:19,1624,96,112.2,15.05,83.5,14.1
18:53:20,1625,96,110.8,14.6,83.5,14.1
18:53:21,1629,96,109.7,14.62,83.5,14.1
18:53:22,1630,96,108.5,14.38,83.5,14.1
18:53:23,1629,96,107.3,14.25,83.5,14.1
18:53:24,1631,96,105.3,14.71,83.5,14.1
18:53:25,1626,96,103.0,14.53,83.5,14.1
18:53:26,1624,96,103.0,14.41,83.5,14.1
18:53:27,1620,96,103.0,14.28,83.5,14.1
18:53:28,1616,96,103.0,14.12,83.5,14.1
18:53:29,1613,96,103.1,14.37,83.5,14.1
18:53:30,1612,95,104.2,14.49,83.5,14.1
18:53:31,1611,95,105.9,14.59,83.5,14.1
18:53:32,1607,95,106.3,14.45,83.5,14.1
18:53:33,1602,95,105.5,14.57,83.5,14.1
18:53:34,1584,94,110.2,22.18,83.5,14.1
18:53:35,1548,92,113.5,27.88,83.5,14.1
18:53:36,1506,89,113.3,27.06,83.5,14.1
18:53:37,1482,88,112.2,26.17,83.5,14.1
18:53:38,1466,87,111.0,25.88,83.5,14.1
18:53:39,1455,86,110.7,15.4,83.5,14.1
18:53:40,1452,86,110.5,13.71,83.5,14.1
18:53:41,1452,86,105.7,12.37,83.5,14.1
18:53:42,1448,85,100.5,11.92,83.5,14.1
18:53:43,1447,86,100.0,11.83,83.5,14.1
18:53:44,1449,86,100.0,11.65,83.5,14.1
18:53:45,1448,86,99.5,11.67,83.5,14.1
18:53:46,1453,86,100.3,12.5,83.5,14.1
18:53:47,1458,86,111.8,17.08,83.5,14.1
18:53:48,1481,87,131.7,21.82,83.5,14.1
18:53:49,1506,88,138.7,22.18,83.5,14.1
18:53:50,1519,89,135.0,21.28,83.5,14.1
18:53:51,1537,90,138.0,25.94,83.5,14.1
18:53:52,1566,93,169.2,39.6,83.5,14.1
18:53:53,1607,96,183.0,37.37,83.5,14.1
18:53:54,1644,97,170.3,32.8,83.5,14.1
18:53:55,1671,98,162.0,30.6,83.5,14.1
18:53:56,1694,100,157.0,29.44,83.5,14.1
18:53:57,1712,102,148.5,27.32,83.5,14.1
18:53:58,1728,102,142.7,25.49,83.5,14.1
18:53:59,1766,104,177.2,45.48,83.5,14.1
18:54:00,1814,107,218.5,60.57,83.5,14.1
18:54:01,1868,110,214.0,60.33,83.5,14.1
18:54:02,1914,112,206.6,59.87,83.5,14.1
18:54:03,1954,115,201.0,59.48,83.5,14.1
18:54:04,1980,118,195.9,51.36,83.5,14.1
18:54:05,2006,119,192.4,42.57,83.5,14.1
18:54:06,2029,120,189.8,42.5,83.5,14.1
18:54:07,2050,121,182.8,41.44,83.5,14.1
18:54:08,2064,122,173.8,39.74,83.5,14.1
18:54:09,2079,123,167.5,37.66,83.5,14.1
18:54:10,2089,124,161.1,36.05,83.5,14.1
18:54:11,2095,124,156.1,34.64,83.5,14.1
18:54:12,2101,125,151.7,33.29,83.5,14.1
18:54:13,2103,125,149.1,32.36,83.5,14.1
18:54:14,2106,125,145.6,31.88,83.5,14.1
18:54:15,2108,125,144.4,30.89,83.5,14.1
18:54:16,2109,125,142.5,30.54,83.5,14.1
18:54:17,2108,125,142.8,30.69,83.5,14.1
18:54:18,2106,125,140.5,29.79,83.5,14.1
18:54:19,2106,125,140.2,30.98,83.5,14.1
18:54:20,2102,125,145.4,31.05,83.5,14.1
18:54:21,2104,125,145.0,31.17,83.5,14.1
18:54:22,2104,124,145.2,32.0,83.5,14.1
18:54:23,2103,125,147.2,32.24,83.5,14.1
18:54:24,2105,125,148.0,32.4,83.5,14.1
18:54:25,2105,125,148.6,32.85,83.5,14.1
18:54:26,2105,125,149.0,32.75,83.5,14.1
18:54:27,2107,125,149.9,32.92,83.5,14.1
18:54:28,2104,125,151.5,33.38,83.5,14.1
18:54:29,2103,124,153.8,34.62,83.5,14.1
18:54:30,2104,125,156.2,34.51,83.5,14.1
18:54:31,2104,125,156.3,34.76,83.5,14.1
18:54:32,2103,125,156.8,35.28,83.5,14.1
18:54:33,2106,125,157.2,35.3,83.5,14.1
18:54:34,2104,125,158.0,35.52,83.5,14.1
18:54:35,2105,125,158.6,35.55,83.5,14.1
18:54:36,2107,125,159.0,35.71,83.5,14.1
18:54:37,2104,125,159.0,35.56,83.5,14.1
18:54:38,2107,125,159.3,35.79,83.5,14.1
18:54:39,2107,125,159.5,35.96,83.5,14.1
18:54:40,2108,125,159.0,35.9,83.5,14.1
18:54:41,2109,125,159.0,35.84,83.5,14.1
18:54:42,2109,125,158.0,35.78,83.5,14.1
18:54:43,2108,125,158.0,35.89,83.5,14.1
18:54:44,2107,125,158.5,35.72,83.5,14.1
18:54:45,2109,125,158.3,35.69,83.5,14.1
18:54:46,2108,125,158.0,35.82,83.5,14.1
18:54:47,2110,125,158.8,35.82,83.5,14.1
18:54:48,2111,125,157.8,35.65,83.5,14.1
18:54:49,2112,125,157.0,35.29,83.5,14.1
18:54:50,2112,125,157.0,35.67,83.5,14.1
18:54:51,2113,125,156.2,35.36,83.5,14.1
18:54:52,2111,125,155.8,35.01,83.5,14.1
18:54:53,2110,125,155.3,35.15,83.5,14.1
18:54:54,2113,125,155.5,35.01,83.5,14.1
18:54:55,2109,125,155.0,34.94,83.5,14.1
18:54:56,2109,125,155.0,35.16,83.5,14.1
18:54:57,2110,125,155.2,34.92,83.5,14.1
18:54:58,2110,125,155.7,34.8,83.5,14.1
18:54:59,2112,125,155.0,34.67,83.5,14.1
18:55:00,2113,125,153.7,34.58,83.5,14.1
18:55:01,2113,125,152.2,33.78,83.5,14.1
18:55:02,2117,125,149.5,32.91,83.5,14.1
18:55:03,2117,125,146.3,32.16,83.5,14.1
18:55:04,2116,125,144.5,31.56,83.5,14.1
18:55:05,2115,125,143.3,30.79,83.5,14.1
18:55:06,2115,125,143.0,30.58,83.5,14.1
18:55:07,2112,125,143.2,30.75,83.5,14.1
18:55:08,2110,125,144.7,31.12,83.5,14.1
18:55:09,2110,125,146.5,31.45,83.5,14.1
18:55:10,2111,125,146.3,31.66,83.5,14.1
18:55:11,2112,125,145.2,31.28,83.5,14.1
18:55:12,2112,125,144.0,30.88,83.5,14.1
18:55:13,2112,125,143.7,30.84,83.5,14.1
18:55:14,2112,125,143.0,30.65,83.5,14.1
18:55:15,2111,125,143.0,30.72,83.5,14.1
18:55:16,2110,125,143.0,30.78,83.5,14.1
18:55:17,2110,125,143.3,30.77,83.5,14.1
18:55:18,2108,125,145.0,31.27,83.5,14.1
18:55:19,2110,125,145.5,31.38,83.5,14.1
18:55:20,2108,125,146.0,31.43,83.5,14.1
18:55:21,2106,125,146.0,31.47,83.5,14.1
18:55:22,2110,125,144.7,31.26,83.5,14.1
18:55:23,2109,125,142.7,30.74,83.5,14.1
18:55:24,2109,125,142.5,30.48,83.5,14.1
18:55:25,2108,125,143.0,30.62,83.5,14.1
18:55:26,2110,125,143.0,30.81,83.5,14.1
18:55:27,2110,125,143.0,30.59,83.5,14.1
18:55:28,2109,125,143.0,30.57,83.5,14.1
18:55:29,2111,125,142.4,30.52,83.5,14.1
18:55:30,2108,125,142.8,30.47,83.5,14.1
18:55:31,2109,125,143.0,30.49,83.5,14.1
18:55:32,2107,125,145.2,30.79,83.5,14.1
18:55:33,2104,125,146.7,31.76,83.5,14.1
18:55:34,2106,125,148.0,31.95,83.5,14.1
18:55:35,2106,124,148.7,32.29,83.5,14.1
18:55:36,2105,125,149.8,32.46,83.5,14.1
18:55:37,2102,124,150.3,32.99,83.5,14.1
18:55:38,2104,124,151.7,33.58,83.5,14.1
18:55:39,2104,125,151.5,33.29,83.5,14.1
18:55:40,2104,125,152.8,33.88,83.5,14.1
18:55:41,2102,124,154.0,34.06,83.5,14.1
18:55:42,2106,125,155.2,34.69,83.5,14.1
18:55:43,2099,125,152.7,34.4,83.5,14.1
18:55:44,2090,124,140.4,28.87,83.5,14.1
18:55:45,2080,123,121.5,28.8,83.5,14.1
18:55:46,2074,122,157.0,37.36,83.5,14.1
18:55:47,2079,123,174.0,40.34,83.5,14.1
18:55:48,2081,123,174.4,40.59,83.5,14.1
18:55:49,2084,123,175.5,40.47,83.5,14.1
18:55:50,2087,124,176.0,40.98,83.5,14.1
18:55:51,2090,124,176.8,41.04,83.5,14.1
18:55:52,2090,124,167.1,37.95,83.5,14.1
18:55:53,2088,124,151.9,33.49,83.5,14.1
18:55:54,2078,123,148.4,31.94,83.5,14.1
18:55:55,2067,122,139.0,28.36,83.5,14.1
18:55:56,2053,121,132.4,27.24,83.5,14.1
18:55:57,2032,121,132.5,26.73,83.5,14.1
18:55:58,2017,120,134.8,26.54,83.5,14.1
18:55:59,2003,119,137.8,27.07,83.5,14.1
18:56:00,1991,117,140.5,27.65,83.5,14.1
18:56:01,1980,117,142.8,27.99,83.5,14.1
18:56:02,1967,117,141.0,27.96,83.5,14.1
18:56:03,1955,116,141.3,27.89,83.5,14.1
18:56:04,1947,116,142.5,27.8,83.5,14.1
18:56:05,1938,115,143.0,27.91,83.5,14.1
18:56:06,1928,114,144.6,28.32,83.5,14.1
18:56:07,1922,114,145.8,28.18,83.5,14.1
18:56:08,1915,113,144.4,27.67,83.5,14.1
18:56:09,1904,113,142.5,27.97,83.5,14.1
18:56:10,1899,112,142.7,27.38,83.5,14.1
18:56:11,1892,112,142.2,25.92,83.5,14.1
18:56:12,1872,111,124.0,21.71,83.5,14.1
18:56:13,1856,110,111.8,17.76,83.5,14.1
18:56:14,1830,108,104.6,16.36,83.5,14.1
18:56:15,1802,107,104.3,16.85,83.5,14.1
18:56:16,1780,105,108.0,17.06,83.5,14.1
18:56:17,1760,104,118.7,18.32,83.5,14.1
18:56:18,1727,103,131.0,17.9,83.5,14.1
18:56:19,1701,101,119.9,21.93,83.5,14.1
18:56:20,1632,97,119.7,30.18,83.5,14.1
18:56:21,1562,92,116.5,28.66,83.5,18.0
18:56:22,1537,91,116.5,24.58,83.5,38.7
18:56:23,1546,91,139.7,24.42,83.5,44.0
18:56:24,1562,92,173.5,42.12,83.5,58.7
18:56:25,1596,94,211.3,51.89,83.5,65.4
18:56:26,1647,97,217.3,53.52,83.5,66.9
18:56:27,1701,100,220.3,56.14,83.5,68.6
18:56:28,1744,103,222.3,58.29,83.5,68.6
18:56:29,1795,106,223.0,60.14,83.5,68.6
18:56:30,1841,109,222.3,61.38,83.5,68.6
18:56:31,1888,111,222.8,63.37,83.5,68.6
18:56:32,1924,114,224.2,65.35,83.5,68.6
18:56:33,1980,117,225.3,67.06,83.5,68.6
18:56:34,2022,119,226.0,69.34,83.5,68.6
18:56:35,2060,121,226.7,70.78,83.5,68.6
18:56:36,2096,124,227.0,72.68,83.5,68.0
18:56:37,2131,127,213.2,74.33,83.5,45.2
18:56:38,2137,127,141.7,35.16,83.5,14.1
18:56:39,2125,126,160.5,38.54,83.5,14.1
18:56:40,2120,126,187.3,44.53,83.5,14.1
18:56:41,2121,126,194.0,46.32,83.5,14.1
18:56:42,2128,126,189.8,46.46,83.5,14.1
18:56:43,2128,126,188.7,45.57,83.5,14.1
18:56:44,2130,126,188.0,45.76,83.5,14.1
18:56:45,2136,127,188.0,45.9,83.5,14.1
18:56:46,2139,126,188.0,45.99,83.5,14.1
18:56:47,2142,127,186.0,45.57,83.5,14.1
18:56:48,2145,127,183.5,45.35,83.5,14.1
18:56:49,2146,127,181.6,44.68,83.5,14.1
18:56:50,2148,127,180.4,44.05,83.5,14.1
18:56:51,2148,127,181.5,43.72,83.5,14.1
18:56:52,2146,127,180.2,43.9,83.5,14.1
18:56:53,2147,127,180.0,43.82,83.5,14.1
18:56:54,2147,127,180.4,44.25,83.5,14.1
18:56:55,2149,127,179.8,44.1,83.5,14.1
18:56:56,2151,127,179.0,43.91,83.5,14.1
18:56:57,2154,127,177.3,43.23,83.5,14.1
18:56:58,2155,128,173.8,42.66,83.5,14.1
18:56:59,2154,128,172.7,41.76,83.5,14.1
18:57:00,2141,128,157.0,38.69,83.5,14.1
18:57:01,2114,126,130.7,28.15,83.5,14.1
18:57:02,2074,123,130.8,35.64,83.5,14.1
18:57:03,1982,118,129.3,39.32,83.5,14.1
18:57:04,1906,113,128.2,29.26,83.5,33.7
18:57:05,1874,112,138.8,26.04,83.5,42.2
18:57:06,1879,111,136.0,31.44,83.5,52.6
18:57:07,1906,113,206.5,58.38,83.5,64.3
18:57:08,1964,116,225.2,68.21,83.5,64.3
18:57:09,2018,119,226.4,70.44,83.5,64.6
18:57:10,2068,122,226.4,72.49,83.5,64.7
18:57:11,2120,125,225.2,73.9,83.5,64.7
18:57:12,2172,128,224.2,75.59,83.5,62.6
18:57:13,2178,131,192.0,41.69,83.5,36.2
18:57:14,2193,130,122.1,27.9,83.5,14.1
18:57:15,2185,130,131.4,29.5,83.5,14.1
18:57:16,2176,129,138.2,30.33,83.5,14.1
18:57:17,2169,128,138.9,30.61,83.5,14.1
18:57:18,2165,128,138.2,30.22,83.5,14.1
18:57:19,2161,128,139.4,30.48,83.5,14.1
18:57:20,2157,128,140.0,30.17,83.5,14.1
18:57:21,2154,128,138.5,30.16,83.5,14.1
18:57:22,2153,128,138.0,29.98,83.5,14.1
18:57:23,2154,127,137.8,29.95,83.5,14.1
18:57:24,2151,128,136.6,29.52,83.5,14.1
18:57:25,2149,127,137.2,29.76,83.5,14.1
18:57:26,2150,127,137.2,29.76,83.5,14.1
18:57:27,2151,128,135.7,29.57,83.5,14.1
18:57:28,2155,127,133.3,29.25,83.5,14.1
18:57:29,2151,128,131.5,28.62,83.5,14.1
18:57:30,2152,128,129.0,27.97,83.5,14.1
18:57:31,2156,128,126.3,27.5,83.5,14.1
18:57:32,2155,127,125.8,27.16,83.5,14.1
18:57:33,2152,128,125.0,27.06,83.5,14.1
18:57:34,2151,127,125.5,27.03,83.5,14.1
18:57:35,2154,128,126.7,27.0,83.5,14.1
18:57:36,2153,128,125.3,26.73,83.5,14.1
18:57:37,2148,127,125.0,26.89,83.5,14.1
18:57:38,2150,127,125.4,27.08,83.5,14.1
18:57:39,2150,127,125.4,26.78,83.5,14.1
18:57:40,2151,127,125.0,26.6,83.5,14.1
18:57:41,2150,127,125.0,26.74,83.5,14.1
18:57:42,2148,127,125.0,26.72,83.5,14.1
18:57:43,2149,127,125.4,26.83,83.5,14.1
18:57:44,2149,127,125.5,26.65,83.5,14.1
18:57:45,2146,127,125.7,26.89,83.5,14.1
18:57:46,2146,127,127.0,27.09,83.5,14.1
18:57:47,2145,127,128.3,27.43,83.5,14.1
18:57:48,2145,127,129.0,27.49,83.5,14.1
18:57:49,2145,127,129.0,27.43,83.5,14.1
18:57:50,2148,127,128.2,27.48,83.5,14.1
18:57:51,2147,127,127.8,27.44,83.5,14.1
18:57:52,2149,127,127.0,27.31,83.5,14.1
18:57:53,2145,127,127.0,27.14,83.5,14.1
18:57:54,2147,127,127.0,27.11,83.5,14.1
18:57:55,2150,127,126.2,26.98,83.5,14.1
18:57:56,2147,127,126.0,27.07,83.5,14.1
18:57:57,2149,127,126.0,27.09,83.5,14.1
18:57:58,2148,127,126.0,27.09,83.5,14.1
18:57:59,2147,127,126.0,27.08,83.5,14.1
18:58:00,2150,127,126.0,27.01,83.5,14.1
18:58:01,2152,127,125.0,26.79,83.5,14.1
18:58:02,2148,127,124.5,26.98,83.5,14.1
18:58:03,2146,127,126.0,26.78,83.5,14.1
18:58:04,2146,127,126.0,26.97,83.5,14.1
18:58:05,2147,127,124.5,26.46,83.5,14.1
18:58:06,2146,127,124.0,26.16,83.5,14.1
18:58:07,2144,127,124.2,26.3,83.5,14.1
18:58:08,2144,127,125.4,26.5,83.5,14.1
18:58:09,2145,127,126.0,27.31,83.5,14.1
18:58:10,2144,127,126.8,27.31,83.5,14.1
18:58:11,2142,127,129.0,27.48,83.5,14.1
18:58:12,2142,127,131.3,27.76,83.5,14.1
18:58:13,2147,127,132.5,28.47,83.5,14.1
18:58:14,2143,127,133.0,28.58,83.5,14.1
18:58:15,2142,127,134.7,28.92,83.5,14.1
18:58:16,2143,127,136.3,29.56,83.5,14.1
18:58:17,2143,127,138.0,29.54,83.5,14.1
18:58:18,2143,127,138.5,29.8,83.5,14.1
18:58:19,2138,127,140.3,30.9,83.5,14.1
18:58:20,2138,127,151.0,32.96,83.5,14.1
18:58:21,2143,127,151.7,33.42,83.5,14.1
18:58:22,2146,127,148.8,33.18,83.5,14.1
18:58:23,2143,127,148.0,33.18,83.5,14.1
18:58:24,2144,127,148.0,33.04,83.5,14.1
18:58:25,2143,127,148.8,33.59,83.5,14.1
18:58:26,2143,127,152.1,34.61,83.5,14.1
18:58:27,2146,127,154.3,35.26,83.5,14.1
18:58:28,2145,127,155.0,34.93,83.5,14.1
18:58:29,2146,127,155.0,35.56,83.5,14.1
18:58:30,2144,127,157.5,36.42,83.5,14.1
18:58:31,2146,127,159.0,36.97,83.5,14.1
18:58:32,2146,127,159.7,36.99,83.5,14.1
18:58:33,2143,127,162.4,37.53,83.5,14.1
18:58:34,2145,127,163.4,38.2,83.5,14.1
18:58:35,2141,127,169.7,40.21,83.5,14.1
18:58:36,2143,127,173.6,41.69,83.5,14.1
18:58:37,2148,127,169.1,40.5,83.5,14.1
18:58:38,2148,127,167.5,39.35,83.5,14.1
18:58:39,2145,127,168.0,39.92,83.5,14.1
18:58:40,2147,127,168.8,40.05,83.5,14.1
18:58:41,2145,127,169.2,40.4,83.5,14.1
18:58:42,2146,127,171.3,40.41,83.5,14.1
18:58:43,2145,127,172.0,40.56,83.5,14.1
18:58:44,2146,127,172.0,40.87,83.5,14.1
18:58:45,2146,127,172.8,41.5,83.5,14.1
18:58:46,2146,127,178.6,43.07,83.5,14.1
18:58:47,2151,127,186.0,45.79,83.5,14.1
18:58:48,2148,127,188.1,46.21,83.5,14.1
18:58:49,2145,127,186.3,45.93,83.5,14.1
18:58:50,2145,127,186.8,46.18,83.5,14.1
18:58:51,2147,127,187.8,46.05,83.5,14.1
18:58:52,2144,127,187.3,46.58,83.5,14.1
18:58:53,2144,127,188.5,46.34,83.5,14.1
18:58:54,2146,127,189.0,46.66,83.5,14.1
18:58:55,2150,127,187.3,46.22,83.5,14.1
18:58:56,2150,127,184.2,45.35,83.5,14.1
18:58:57,2151,127,184.3,44.97,83.5,14.3
18:58:58,2149,127,183.5,44.55,83.5,14.2
18:58:59,2150,128,183.3,44.97,83.5,14.1
18:59:00,2151,128,181.1,44.24,83.5,14.1
18:59:01,2150,127,180.0,43.9,83.5,14.1
18:59:02,2148,127,181.7,44.81,83.5,14.1
18:59:03,2146,127,183.4,45.65,83.5,14.1
18:59:04,2145,127,185.2,46.07,83.5,14.1
18:59:05,2148,127,186.9,46.29,83.5,14.1
18:59:06,2150,127,187.8,47.18,83.5,14.1
18:59:07,2148,127,187.9,46.18,83.5,14.1
18:59:08,2147,127,185.0,45.14,83.5,14.1
18:59:09,2146,127,185.0,45.14,83.5,14.1
18:59:10,2148,127,184.0,44.82,83.5,14.1
18:59:11,2149,127,183.0,44.65,83.5,14.1
18:59:12,2150,127,183.0,44.82,83.5,14.1
18:59:13,2150,127,183.6,45.34,83.5,14.1
18:59:14,2148,127,184.8,45.29,83.5,14.1
18:59:15,2148,127,186.1,45.68,83.5,14.1
18:59:16,2148,127,188.2,46.48,83.5,14.1
18:59:17,2146,127,188.7,46.68,83.5,14.1
18:59:18,2147,127,188.0,46.91,83.5,14.1
18:59:19,2144,127,188.7,47.02,83.5,14.1
18:59:20,2145,127,189.0,46.62,83.5,14.1
18:59:21,2147,127,188.3,46.58,83.5,14.1
18:59:22,2146,127,190.0,47.44,83.5,14.1
18:59:23,2146,127,190.5,47.84,83.5,14.1
18:59:24,2146,127,191.0,47.53,83.5,14.1
18:59:25,2145,127,190.1,47.16,83.5,14.1
18:59:26,2147,127,190.2,47.45,83.5,14.1
18:59:27,2149,127,190.7,47.63,83.5,14.1
18:59:28,2151,127,189.5,47.4,83.5,14.1
18:59:29,2153,127,189.7,47.46,83.5,14.1
18:59:30,2150,127,190.8,47.54,83.5,14.1
18:59:31,2145,127,191.2,47.51,83.5,14.1
18:59:32,2150,127,191.6,48.12,83.5,14.1
18:59:33,2152,127,190.4,47.02,83.5,14.1
18:59:34,2152,127,190.8,46.97,83.5,14.1
18:59:35,2151,127,189.1,47.2,83.5,14.1
18:59:36,2150,127,188.2,46.96,83.5,14.1
18:59:37,2149,127,188.6,46.84,83.5,14.1
18:59:38,2149,128,188.0,46.71,83.5,14.1
18:59:39,2149,127,188.8,46.89,83.5,14.1
18:59:40,2146,127,189.1,46.88,83.5,14.1
18:59:41,2144,127,189.8,46.81,83.5,14.1
18:59:42,2147,127,189.0,47.27,83.5,14.1
18:59:43,2148,127,189.0,47.03,83.5,14.1
18:59:44,2147,127,190.5,47.27,83.5,14.1
18:59:45,2145,127,190.2,47.28,83.5,14.1
18:59:46,2140,127,192.2,47.77,83.5,14.1
18:59:47,2146,127,192.6,48.3,83.5,14.1
18:59:48,2146,127,192.6,48.13,83.5,14.1
18:59:49,2147,127,193.0,48.21,83.5,14.1
18:59:50,2147,127,192.9,48.23,83.5,14.1
18:59:51,2148,127,191.8,47.84,83.5,14.1
18:59:52,2151,127,190.6,47.58,83.5,14.1
18:59:53,2150,127,190.6,47.5,83.5,14.1
18:59:54,2152,128,189.5,46.59,83.5,14.1
18:59:55,2151,127,187.8,46.36,83.5,14.1
18:59:56,2156,128,186.3,46.16,83.5,14.1
18:59:57,2154,127,184.5,45.42,83.5,14.1
18:59:58,2151,127,183.2,44.98,83.5,14.1
18:59:59,2153,127,183.8,45.21,83.5,14.1
19:00:00,2154,127,182.8,44.6,83.5,14.1
19:00:01,2151,127,182.4,44.77,83.5,14.1
19:00:02,2150,127,183.0,44.66,83.5,14.1
19:00:03,2148,127,183.8,44.87,83.5,14.1
19:00:04,2149,127,185.0,45.35,83.5,14.1
19:00:05,2148,127,185.8,45.8,83.5,14.1
19:00:06,2149,127,185.4,45.71,83.5,14.1
19:00:07,2150,127,185.4,45.86,83.5,14.1
19:00:08,2149,127,184.2,45.54,83.5,14.1
19:00:09,2150,127,184.0,45.3,83.5,14.1
19:00:10,2148,127,184.0,45.08,83.5,14.1
19:00:11,2148,127,184.0,45.21,83.5,14.1
19:00:12,2150,127,184.0,45.52,83.5,14.1
19:00:13,2150,127,182.5,45.34,83.5,14.1
19:00:14,2148,127,182.8,44.95,83.5,14.1
19:00:15,2153,127,181.7,44.72,83.5,14.1
19:00:16,2157,128,179.5,43.66,83.5,14.1
19:00:17,2157,128,177.3,43.03,83.5,14.1
19:00:18,2163,128,174.5,42.12,83.5,14.1
19:00:19,2158,128,169.9,40.7,83.5,14.1
19:00:20,2157,128,165.0,39.4,83.5,14.1
19:00:21,2157,128,165.0,39.2,83.5,14.1
19:00:22,2158,128,163.8,38.33,83.5,14.1
19:00:23,2158,128,161.5,37.43,83.5,14.1
19:00:24,2156,128,157.9,36.36,83.5,14.1
19:00:25,2155,128,154.0,35.56,83.5,14.1
19:00:26,2158,128,153.6,34.86,83.5,14.1
19:00:27,2158,128,153.0,34.91,83.5,14.1
19:00:28,2156,128,150.8,34.29,83.5,14.1
19:00:29,2158,128,148.8,33.61,83.5,14.1
19:00:30,2155,127,146.2,33.0,83.5,14.1
19:00:31,2157,128,146.6,32.36,83.5,14.1
19:00:32,2156,127,145.4,32.34,83.5,14.1
19:00:33,2153,127,143.5,32.15,83.5,14.1
19:00:34,2150,127,144.1,31.92,83.5,14.1
19:00:35,2151,127,145.4,32.29,83.5,14.1
19:00:36,2152,127,142.0,30.97,83.5,14.1
19:00:37,2145,127,128.7,27.22,83.5,14.1
19:00:38,2125,126,111.3,23.33,83.5,14.1
19:00:39,2096,125,123.0,35.09,83.5,14.1
19:00:40,2058,122,127.7,40.66,83.5,14.1
19:00:41,2032,120,123.0,24.91,83.5,14.1
19:00:42,2028,120,117.0,19.95,83.5,14.1
19:00:43,2018,120,113.5,19.39,83.5,14.1
19:00:44,2017,119,115.2,22.97,83.5,14.1
19:00:45,2027,120,150.7,32.68,83.5,14.1
19:00:46,2044,121,160.0,34.72,83.5,14.1
19:00:47,2062,122,160.7,35.28,83.5,14.1
19:00:48,2078,123,158.5,35.02,83.5,14.1
19:00:49,2093,124,153.7,34.09,83.5,14.1
19:00:50,2103,124,150.7,33.01,83.5,14.1
19:00:51,2114,125,146.2,31.92,83.5,14.1
19:00:52,2122,125,144.0,31.38,83.5,14.1
19:00:53,2125,126,143.2,31.27,83.5,14.1
19:00:54,2130,126,142.7,31.11,83.5,14.1
19:00:55,2134,126,141.0,30.44,83.5,14.1
19:00:56,2139,127,140.5,30.24,83.5,14.1
19:00:57,2143,127,138.8,30.13,83.5,14.1
19:00:58,2146,127,137.2,29.7,83.5,14.1
19:00:59,2143,127,136.8,29.56,83.5,14.1
19:01:00,2145,127,135.3,29.07,83.5,14.1
19:01:01,2147,127,133.5,28.73,83.5,14.1
19:01:02,2150,127,133.7,28.78,83.5,14.1
19:01:03,2149,127,134.0,28.77,83.5,14.1
19:01:04,2146,127,134.5,29.06,83.5,14.1
19:01:05,2147,127,137.3,29.61,83.5,14.1
19:01:06,2145,127,138.5,29.96,83.5,14.1
19:01:07,2144,127,140.3,30.57,83.5,14.1
19:01:08,2146,127,141.0,30.78,83.5,14.1
19:01:09,2145,127,141.5,31.08,83.5,14.1
19:01:10,2146,127,144.0,31.33,83.5,14.1
19:01:11,2147,127,144.5,31.87,83.5,14.1
19:01:12,2145,127,145.7,32.21,83.5,14.1
19:01:13,2144,127,147.7,32.85,83.5,14.1
19:01:14,2147,127,148.3,33.43,83.5,14.1
19:01:15,2145,127,150.0,33.89,83.5,14.1
19:01:16,2146,127,150.5,33.57,83.5,14.1
19:01:17,2148,127,150.3,33.74,83.5,14.1
19:01:18,2151,127,149.2,33.34,83.5,14.1
19:01:19,2156,128,144.5,32.25,83.5,14.1
19:01:20,2156,128,141.7,31.25,83.5,14.1
19:01:21,2155,127,141.0,30.54,83.5,14.1
19:01:22,2156,128,141.0,30.73,83.5,14.1
19:01:23,2153,127,140.2,30.53,83.5,14.1
19:01:24,2154,127,138.8,30.17,83.5,14.1
19:01:25,2155,128,137.7,29.83,83.5,14.1
19:01:26,2159,128,135.6,29.67,83.5,14.1
19:01:27,2149,128,126.6,27.0,83.5,14.1
19:01:28,2135,127,116.2,23.2,83.5,14.1
19:01:29,2110,125,125.2,35.6,83.5,14.1
19:01:30,2076,123,125.7,40.83,83.5,14.1
19:01:31,2029,120,124.0,38.89,83.5,14.1
19:01:32,1978,118,122.3,37.73,83.5,14.1
19:01:33,1920,114,120.3,36.6,83.5,14.1
19:01:34,1876,111,118.8,35.47,83.5,14.1
19:01:35,1844,109,118.0,34.48,83.5,14.1
19:01:36,1825,108,118.0,34.0,83.5,14.1
19:01:37,1812,107,118.0,30.74,83.5,14.1
19:01:38,1805,107,116.9,20.54,83.5,14.1
19:01:39,1805,106,114.5,17.84,83.5,14.1
19:01:40,1816,107,121.8,20.52,83.5,14.1
19:01:41,1828,108,134.7,24.16,83.5,14.1
19:01:42,1846,110,139.5,25.79,83.5,14.1
19:01:43,1866,111,141.8,26.82,83.5,14.1
19:01:44,1885,111,142.0,27.33,83.5,14.1
19:01:45,1905,112,137.4,25.7,83.5,14.1
19:01:46,1915,113,127.7,23.26,83.5,14.1
19:01:47,1922,114,120.2,20.81,83.5,14.1
19:01:48,1928,114,114.2,19.2,83.5,14.1
19:01:49,1932,115,111.5,18.36,83.5,14.1
19:01:50,1932,114,109.6,18.32,83.5,14.1
19:01:51,1926,114,107.2,18.17,83.5,14.1
19:01:52,1921,114,104.5,18.17,83.5,14.1
19:01:53,1914,113,115.6,19.82,83.5,14.1
19:01:54,1904,113,123.5,21.19,83.5,14.1
19:01:55,1906,113,118.3,19.19,83.5,14.1
19:01:56,1906,113,109.6,18.59,83.5,14.1
19:01:57,1907,113,113.0,18.73,83.5,14.1
19:01:58,1912,113,118.6,19.79,83.5,14.1
19:01:59,1916,114,125.0,22.24,83.5,14.1
19:02:00,1926,114,129.0,23.75,83.5,14.1
19:02:01,1935,114,133.7,25.06,83.5,14.1
19:02:02,1948,115,135.8,25.51,83.5,14.1
19:02:03,1952,116,135.8,25.7,83.5,14.1
19:02:04,1959,116,135.0,25.65,83.5,14.1
19:02:05,1964,116,135.5,26.02,83.5,14.1
19:02:06,1972,117,136.7,25.87,83.5,14.1
19:02:07,1977,117,139.5,27.38,83.5,14.1
19:02:08,1978,117,129.7,25.26,83.5,14.1
19:02:09,1968,117,114.2,19.81,83.5,14.1
19:02:10,1949,115,114.4,23.82,83.5,14.1
19:02:11,1919,113,122.0,36.64,83.5,14.1
19:02:12,1877,112,122.8,36.11,83.5,14.1
19:02:13,1823,108,120.8,34.82,83.5,14.1
19:02:14,1769,105,119.6,33.12,83.5,14.1
19:02:15,1722,102,118.4,32.18,83.5,14.1
19:02:16,1679,99,117.3,31.0,83.5,14.1
19:02:17,1641,97,116.1,29.95,83.5,14.1
19:02:18,1599,95,114.8,28.7,83.5,14.1
19:02:19,1571,93,114.0,28.41,83.5,14.1
19:02:20,1542,91,113.4,27.61,83.5,14.1
19:02:21,1498,89,112.3,26.74,83.5,14.1
19:02:22,1363,86,111.2,22.8,83.5,14.6
19:02:23,1333,82,106.1,14.68,83.5,20.6
19:02:24,1655,82,109.0,16.26,83.5,30.7
19:02:25,1658,82,120.0,17.07,83.5,33.7
19:02:26,1670,83,124.5,20.37,83.5,38.9
19:02:27,1693,84,142.8,25.6,83.5,41.5
19:02:28,1730,85,158.0,29.98,83.5,42.7
19:02:29,1767,87,147.0,27.28,83.5,42.1
19:02:30,1797,89,147.6,28.45,83.5,41.5
19:02:31,1827,90,153.2,29.94,83.5,39.5
19:02:32,1866,92,152.2,29.68,83.5,39.0
19:02:33,1887,93,144.1,27.6,83.5,38.5
19:02:34,1904,94,137.1,26.08,83.5,37.7
19:02:35,1928,96,150.0,30.66,83.5,44.0
19:02:36,1943,97,160.5,31.07,83.5,42.6
19:02:37,1959,97,126.7,24.94,83.5,37.8
19:02:38,1968,98,126.3,23.44,83.5,38.1
19:02:39,1977,98,129.5,24.03,83.5,37.8
19:02:40,1981,98,124.0,22.57,83.5,36.1
19:02:41,1983,98,121.0,22.0,83.5,32.6
19:02:42,1968,98,114.0,19.53,83.5,26.0
19:02:43,1963,97,104.0,18.58,83.5,23.5
19:02:44,1963,97,108.2,18.91,83.5,14.1
19:02:45,1922,96,121.0,23.36,83.5,14.1
19:02:46,1922,95,121.0,36.69,83.5,14.1
19:02:47,1823,92,121.0,36.69,83.5,14.1
19:02:48,1773,87,121.0,32.43,83.5,16.6
19:02:49,1752,87,113.0,31.36,83.5,26.7
19:02:50,1688,83,105.0,23.47,83.5,26.7
19:02:51,1688,83,105.0,15.58,83.5,17.2
19:02:52,1653,82,115.0,15.58,83.5,14.1
19:02:53,1636,80,115.0,25.39,83.5,14.1
19:02:54,1602,80,114.2,28.66,83.5,14.1
19:02:55,1464,72,113.0,26.94,83.5,14.1
19:02:56,1464,72,111.6,25.22,83.5,25.1
19:02:57,1444,72,106.0,25.22,83.5,27.8
19:02:58,1444,72,106.0,20.11,83.5,31.0
19:02:59,1444,72,115.3,20.11,83.5,40.8
19:03:00,1523,75,134.0,20.02,83.5,40.8
19:03:01,1523,76,134.0,19.77,83.5,34.9
19:03:02,1548,76,119.0,19.77,83.5,29.0
19:03:03,1572,78,114.0,16.42,83.5,29.0
19:03:04,1572,78,114.0,15.3,83.5,30.6
19:03:05,1628,78,107.0,15.3,83.5,30.6
19:03:06,1646,79,107.0,14.77,83.5,28.0
19:03:07,1646,79,108.3,14.77,83.5,20.4
19:03:08,1591,78,111.0,14.77,83.5,20.4
19:03:09,1591,78,111.0,28.19,83.5,18.8
19:03:10,1591,78,111.7,28.19,83.5,14.1
19:03:11,1463,74,113.0,24.17,83.5,14.1
19:03:12,1463,72,111.7,12.11,83.5,23.5
19:03:13,1464,73,105.0,12.11,83.5,28.2
19:03:14,1464,73,105.0,13.47,83.5,25.6
19:03:15,1464,73,105.0,13.47,83.5,18.0
19:03:16,1465,73,105.0,13.53,83.5,18.0
19:03:17,1465,73,105.0,13.66,83.5,23.3
19:03:18,1488,73,107.0,13.66,83.5,28.6
19:03:19,1533,76,108.0,14.91,83.5,28.6
19:03:20,1533,76,108.0,16.16,83.5,17.7
19:03:21,1558,76,114.0,16.16,83.5,14.1
19:03:22,1566,77,114.0,27.66,83.5,14.3
19:03:23,1543,77,111.6,27.66,83.5,14.9
19:03:24,1508,75,110.0,16.46,83.5,14.7
19:03:25,1515,75,109.0,13.66,83.5,14.1
19:03:26,1536,76,108.0,13.7,83.5,14.1
19:03:27,1536,76,108.0,13.74,83.5,14.1
19:03:28,1529,76,112.0,13.74,83.5,14.1
19:03:29,1525,75,112.0,23.65,83.5,14.1
19:03:30,1408,70,109.6,19.59,83.5,15.5
19:03:31,1365,68,104.8,11.0,83.5,28.2
19:03:32,1374,68,104.3,11.9,83.5,28.5
19:03:33,1379,68,106.3,12.26,83.5,29.2
19:03:34,1391,68,109.1,13.15,83.5,33.1
19:03:35,1404,69,117.8,17.0,83.5,35.9
19:03:36,1425,71,128.0,18.44,83.5,38.3
19:03:37,1449,72,132.5,19.97,83.5,40.6
19:03:38,1462,73,146.3,27.28,83.5,45.2
19:03:39,1345,75,129.0,21.26,39.7,28.7
19:03:40,1259,74,109.7,14.22,82.9,33.9
19:03:41,1270,75,109.8,11.62,83.5,26.7
19:03:42,1272,75,106.2,13.31,83.5,32.9
19:03:43,1296,76,121.0,18.67,83.5,40.9
19:03:44,1305,77,125.4,15.55,83.5,36.4
19:03:45,1321,78,116.7,14.19,83.5,31.5
19:03:46,1323,78,107.5,11.99,83.5,23.8
19:03:47,1310,77,104.5,12.13,83.5,14.1
19:03:48,1292,77,108.2,19.89,83.5,14.1
19:03:49,1274,76,109.0,22.15,83.5,14.1
19:03:50,1254,74,109.0,21.44,83.5,14.1
19:03:51,1229,72,108.2,20.92,83.5,14.1
19:03:52,1209,71,107.8,16.38,83.5,14.1
19:03:53,1206,71,104.2,11.36,83.5,14.1
19:03:54,1206,71,102.4,11.16,83.5,14.1
19:03:55,1156,71,106.5,13.19,74.8,14.1
19:03:56,1201,71,100.8,14.43,48.4,14.1
19:03:57,1400,70,104.5,15.0,83.3,14.1
19:03:58,1437,71,118.2,16.8,83.5,14.1
19:03:59,1452,72,126.4,17.79,83.5,14.1
19:04:00,1470,72,126.0,17.32,83.5,14.1
19:04:01,1486,74,122.5,17.1,83.5,14.1
19:04:02,1502,74,120.9,16.75,83.5,14.1
19:04:03,1517,75,118.8,16.5,83.5,14.1
19:04:04,1533,75,120.1,17.63,83.5,36.8
19:04:05,1574,77,150.4,38.43,83.5,57.0
19:04:06,1641,81,206.8,49.12,70.2,51.4
19:04:07,1371,83,131.0,33.35,60.8,21.0
19:04:08,1417,83,118.8,22.68,81.7,40.4
19:04:09,1425,84,141.4,25.44,83.5,44.3
19:04:10,1430,85,122.2,20.72,39.4,19.0
19:04:11,1431,85,105.2,14.24,82.0,14.1
19:04:12,1428,84,106.2,12.39,83.5,14.1
19:04:13,1428,84,108.8,12.76,83.5,14.1
19:04:14,1429,85,111.4,12.97,83.5,14.1
19:04:15,1427,84,112.0,13.1,83.5,14.1
19:04:16,1429,84,112.8,13.11,83.5,14.1
19:04:17,1430,84,112.1,13.32,83.5,14.1
19:04:18,1425,85,109.2,12.29,83.5,14.1
19:04:19,1411,84,105.0,14.41,83.5,14.1
19:04:20,1110,82,109.0,18.07,83.5,14.1
19:04:21,1430,80,108.3,13.24,83.5,14.1
19:04:22,1055,77,111.5,12.76,83.5,14.1
19:04:23,1895,74,112.3,23.49,83.5,14.1
19:04:24,1856,73,119.5,24.41,83.5,14.1
19:04:25,1853,72,122.7,19.77,83.5,14.1
19:04:26,1839,72,112.3,17.43,83.5,14.1
19:04:27,1827,71,107.7,17.18,83.5,14.1
19:04:28,1818,71,105.7,16.61,83.5,14.1
19:04:29,1803,71,104.5,16.33,83.5,14.1
19:04:30,1778,70,110.0,17.22,83.5,14.1
19:04:31,1749,68,116.3,18.0,83.5,14.1
19:04:32,1719,67,116.8,17.68,83.5,14.1
19:04:33,1686,66,115.7,26.97,83.5,14.1
19:04:34,1661,65,114.5,19.55,83.5,14.1
19:04:35,1635,64,114.0,15.99,83.5,14.1
19:04:36,1611,63,114.0,16.03,83.5,14.1
19:04:37,1605,62,115.2,15.34,83.5,14.1
19:04:38,1605,62,106.8,14.5,83.5,14.1
19:04:39,1614,63,111.9,15.15,83.5,14.1
19:04:40,1636,63,121.5,19.2,83.5,14.1
19:04:41,1670,65,135.0,23.22,83.5,14.1
19:04:42,1712,67,145.0,25.48,83.5,14.1
19:04:43,1755,68,138.7,23.92,83.5,14.1
19:04:44,1787,69,136.0,23.5,83.5,14.1
19:04:45,1821,70,136.6,24.38,83.5,14.1
19:04:46,1849,72,131.0,22.42,83.5,14.1
19:04:47,1564,73,121.8,15.58,83.5,14.1
19:04:48,1454,72,113.0,21.59,83.5,14.1
19:04:49,1467,72,121.2,22.61,83.5,14.1
19:04:50,1503,74,146.8,30.55,83.5,14.1
19:04:51,1554,77,180.3,44.19,83.5,14.1
19:04:52,1639,81,209.8,51.16,83.5,14.1
19:04:53,1710,84,187.0,42.11,83.5,14.1
19:04:54,1659,86,158.0,29.23,79.1,14.1
19:04:55,1500,87,119.0,21.28,44.1,14.1
19:04:56,1473,87,122.0,21.22,83.5,14.1
19:04:57,1492,88,144.5,24.37,83.5,14.1
19:04:58,1508,89,138.3,22.13,83.5,14.1
19:04:59,1519,90,126.0,17.28,83.5,14.1
19:05:00,1524,90,117.7,15.98,83.5,14.1
19:05:01,1528,90,112.7,15.26,83.5,14.1
19:05:02,1529,90,111.0,15.11,83.5,14.1
19:05:03,1526,90,111.3,15.1,83.5,14.1
19:05:04,1526,90,113.5,15.79,83.5,14.1
19:05:05,1529,90,115.0,15.7,83.5,14.1
19:05:06,1524,90,115.0,15.32,83.5,14.1
19:05:07,1522,90,110.3,14.26,83.5,14.1
19:05:08,1515,90,105.3,13.03,83.5,14.1
19:05:09,1505,89,101.0,12.81,83.5,14.1
19:05:10,1489,88,104.7,13.7,83.5,14.1
19:05:11,1471,87,110.3,14.27,83.5,14.1
19:05:12,1455,86,112.3,20.07,83.5,14.1
19:05:13,1455,85,110.2,14.84,83.5,14.1
19:05:14,1440,85,103.4,12.18,83.5,14.1
19:05:15,1434,85,103.0,11.78,83.5,14.1
19:05:16,1427,84,101.9,11.51,83.5,14.1
19:05:17,1414,84,100.0,11.54,83.5,14.1
19:05:18,1404,83,100.0,11.53,83.5,14.1
19:05:19,1388,83,100.6,12.2,83.5,14.1
19:05:20,1375,81,105.5,12.7,83.5,14.1
19:05:21,1354,80,108.0,12.79,83.5,14.1
19:05:22,1331,79,109.0,20.45,83.5,14.1
19:05:23,1311,78,109.0,22.52,83.5,14.1
19:05:24,1292,77,108.4,19.02,83.5,14.1
19:05:25,1272,75,108.0,10.7,83.5,14.1
19:05:26,1253,74,108.1,11.33,83.5,14.1
19:05:27,1235,73,106.8,10.2,83.5,14.1
19:05:28,1221,72,100.0,9.74,83.5,14.1
19:05:29,1207,72,98.0,9.4,83.5,14.1
19:05:30,1198,70,98.0,10.18,83.5,14.1
19:05:31,950,70,100.5,11.57,83.5,14.1
19:05:32,1391,68,108.0,15.79,83.5,14.1
19:05:33,1417,70,132.5,30.68,83.5,14.1
19:05:34,1472,72,171.7,39.76,83.5,14.1
19:05:35,1532,76,213.2,48.52,83.5,14.1
19:05:36,1606,80,207.3,50.4,83.5,14.1
19:05:37,1668,82,189.6,46.72,83.5,14.1
19:05:38,1560,84,153.5,31.57,79.5,14.1
19:05:39,1379,83,113.7,19.55,44.1,14.1
19:05:40,1396,82,118.8,21.49,83.5,14.1
19:05:41,1400,83,142.3,24.48,83.5,14.1
19:05:42,1404,83,144.1,21.99,83.5,14.1
19:05:43,1402,83,126.4,17.46,83.5,14.1
19:05:44,1397,82,120.3,16.46,83.5,14.1
19:05:45,1391,82,123.3,16.98,83.5,14.1
19:05:46,1386,82,124.8,16.62,83.5,14.1
19:05:47,1374,81,121.7,15.63,83.5,14.1
19:05:48,1368,81,118.0,15.55,83.5,14.1
19:05:49,1360,80,120.3,15.47,83.5,14.1
19:05:50,1353,80,116.8,14.6,83.5,14.1
19:05:51,1343,79,115.3,14.78,83.5,14.1
19:05:52,1336,79,125.0,19.03,83.5,14.1
19:05:53,1333,79,133.5,20.08,83.5,14.1
19:05:54,1331,78,138.7,20.99,83.5,14.1
19:05:55,1336,79,137.5,20.52,83.5,14.1
19:05:56,1340,79,133.5,20.35,83.5,14.1
19:05:57,1344,79,135.8,20.79,83.5,14.1
19:05:58,1347,79,138.8,20.81,83.5,14.1
19:05:59,1349,80,136.5,19.74,83.5,14.1
19:06:00,1348,80,126.5,16.53,83.5,14.1
19:06:01,1346,79,119.2,15.21,83.5,14.1
19:06:02,1336,79,119.0,15.86,83.5,14.1
19:06:03,1342,79,131.7,22.55,83.5,14.1
19:06:04,1354,79,153.2,32.06,83.5,14.1
19:06:05,1371,81,173.5,36.0,83.5,14.1
19:06:06,1406,83,176.6,34.48,83.5,14.1
19:06:07,1422,84,172.0,32.03,83.5,14.1
19:06:08,1434,85,167.3,29.95,83.5,14.1
19:06:09,1447,85,163.2,28.76,83.5,14.1
19:06:10,1449,86,146.2,22.36,83.5,14.1
19:06:11,1447,86,122.8,16.17,83.5,14.1
19:06:12,1437,85,111.2,14.55,83.5,14.1
19:06:13,1423,84,108.6,14.07,83.5,14.1
19:06:14,1407,84,107.4,13.4,83.5,14.1
19:06:15,1389,82,105.5,12.22,83.5,14.1
19:06:16,1366,81,102.9,11.23,83.5,14.1
19:06:17,1342,79,99.5,10.5,83.5,14.1
19:06:18,1319,78,98.0,10.44,83.5,14.1
19:06:19,1296,77,98.0,10.21,83.5,14.1
19:06:20,1271,75,97.2,10.07,83.5,14.1
19:06:21,985,74,98.2,8.35,83.5,14.1
19:06:22,1448,71,101.4,12.03,83.5,14.1
19:06:23,1420,70,104.3,12.53,83.5,14.1
19:06:24,1413,70,114.5,17.49,83.5,14.1
19:06:25,1420,70,132.0,22.42,83.5,14.1
19:06:26,1431,71,143.5,22.97,83.5,14.1
19:06:27,1442,71,143.1,23.21,83.5,14.1
19:06:28,1452,72,140.5,21.78,83.5,14.1
19:06:29,1456,72,133.5,19.62,83.5,14.1
19:06:30,1462,72,132.9,21.78,83.5,14.1
19:06:31,1470,73,147.0,25.39,83.5,14.1
19:06:32,1484,73,151.8,25.73,83.5,14.1
19:06:33,1498,74,150.1,25.6,83.5,14.1
19:06:34,1504,74,140.5,21.83,83.5,14.1
19:06:35,1504,74,130.3,19.84,83.5,14.1
19:06:36,1502,74,137.3,22.78,83.5,14.1
19:06:37,1503,74,142.3,22.47,83.5,14.1
19:06:38,1500,74,134.3,20.89,83.5,14.1
19:06:39,1506,74,139.5,23.68,83.5,14.1
19:06:40,1513,75,144.6,24.28,83.5,14.1
19:06:41,1521,75,151.2,26.0,83.5,14.1
19:06:42,1522,76,144.2,23.5,83.5,14.1
19:06:43,1526,75,135.0,21.67,83.5,14.1
19:06:44,1513,75,126.5,17.27,83.5,14.1
19:06:45,1493,74,114.3,14.83,83.5,14.1
19:06:46,1467,72,108.7,14.29,83.5,14.1
19:06:47,1445,71,115.4,15.75,83.5,14.1
19:06:48,1423,71,118.0,15.38,83.5,14.1
19:06:49,1406,70,115.9,15.2,83.5,14.1
19:06:50,1385,69,113.8,14.27,83.5,14.1
19:06:51,1363,67,111.2,14.26,83.5,14.1
19:06:52,1339,66,114.7,13.97,83.5,14.1
19:06:53,1312,65,109.7,13.2,83.5,14.1
19:06:54,1299,64,112.6,14.85,83.5,14.1
19:06:55,1287,64,123.8,19.51,83.5,14.1
19:06:56,1281,63,130.5,18.65,83.5,14.1
19:06:57,1271,63,131.2,18.94,83.5,14.1
19:06:58,1268,62,133.2,19.29,83.5,14.1
19:06:59,1268,63,134.8,19.82,83.5,14.1
19:07:00,1275,63,137.2,20.77,83.5,14.1
19:07:01,1278,63,138.8,20.39,83.5,14.1
19:07:02,1278,63,134.2,20.05,73.9,14.1
19:07:03,1086,62,109.2,16.34,53.4,14.1
19:07:04,1581,60,115.5,18.66,80.6,14.1
19:07:05,1579,62,145.3,30.22,83.5,14.1
19:07:06,1621,63,171.7,32.46,83.5,14.1
19:07:07,1662,65,160.0,29.99,83.5,14.1
19:07:08,1695,66,146.3,26.52,83.5,14.1
19:07:09,1712,67,134.5,21.68,83.5,14.1
19:07:10,1721,67,129.3,21.29,83.5,14.1
19:07:11,1724,67,128.2,20.36,83.5,14.1
19:07:12,1721,67,120.8,18.46,83.5,14.1
19:07:13,1713,67,115.0,17.75,83.5,14.1
19:07:14,1704,66,115.0,17.42,83.5,14.1
19:07:15,1698,66,116.5,17.73,83.5,14.1
19:07:16,1695,66,118.8,17.95,83.5,14.1
19:07:17,1699,66,122.7,19.06,83.5,14.1
19:07:18,1704,66,122.9,18.86,83.5,14.1
19:07:19,1707,66,117.3,17.88,83.5,14.1
19:07:20,1706,66,113.7,17.32,83.5,14.1
19:07:21,1701,66,113.8,17.08,83.5,14.1
19:07:22,1700,66,109.8,15.63,83.5,14.1
19:07:23,1696,66,104.2,15.09,83.5,14.1
19:07:24,1684,65,101.5,15.05,83.5,14.1
19:07:25,1662,64,103.3,15.0,83.5,14.1
19:07:26,1202,64,106.5,10.74,83.5,14.1
19:07:27,1182,63,105.0,8.41,83.5,14.1
19:07:28,1158,61,103.0,8.52,83.5,14.1
19:07:29,1958,56,103.5,26.42,83.5,14.1
19:07:30,1873,51,114.9,34.01,83.5,14.1
19:07:31,1700,46,117.8,31.6,83.5,14.1
19:07:32,1565,42,115.5,28.9,83.5,14.1
19:07:33,1407,38,113.2,25.48,83.5,14.1
19:07:34,1221,33,110.2,20.62,83.5,14.1
19:07:35,971,29,106.0,12.61,83.5,14.1
19:07:36,891,26,103.1,8.11,83.5,14.1
19:07:37,895,24,102.0,8.23,83.5,14.1
19:07:38,898,20,102.0,8.06,83.5,14.1
19:07:39,898,13,102.0,8.02,83.5,14.1
19:07:40,899,7,102.0,8.11,83.5,14.1
19:07:41,882,2,102.0,7.85,83.5,14.1
19:07:42,702,0,85.5,2.79,37.0,14.1
19:07:43,141,0,38.5,1.04,13.7,14.1
19:07:44,0,0,49.6,0.0,13.7,14.1
19:07:45,0,0,86.5,0.0,37.6,14.1
19:07:46,0,0,96.9,0.0,87.2,14.1
19:07:47,0,0,96.0,0.0,89.0,14.1
19:07:48,0,0,96.0,0.0,89.0,14.1
19:07:49,0,0,96.0,0.0,89.0,14.1
19:07:50,0,0,96.0,0.0,89.0,14.1
19:07:51,0,0,96.0,0.0,89.0,14.1
19:07:52,0,0,96.0,0.0,89.0,14.1
19:07:53,0,0,96.0,0.0,89.0,14.1
19:07:54,0,0,96.0,0.0,89.0,14.1
19:07:55,0,0,96.0,0.0,89.0,14.1
19:07:56,0,0,96.0,0.0,89.0,14.1
19:07:57,0,0,96.0,0.0,89.0,14.1
19:07:58,0,0,96.0,0.0,89.0,14.1
19:07:59,0,0,96.0,0.0,89.0,14.1
19:08:00,0,0,96.0,0.0,89.0,14.1
19:08:01,0,0,96.0,0.0,89.0,14.1
19:08:02,0,0,95.9,0.0,89.0,14.1
19:08:03,376,0,94.7,7.48,85.5,18.7
19:08:04,982,3,96.5,13.61,83.2,23.3
19:08:05,1372,12,105.7,20.07,83.1,38.7
19:08:06,2132,18,144.8,37.18,83.1,37.4
19:08:07,2112,22,102.9,33.23,54.7,26.1
19:08:08,1427,24,120.5,27.05,66.0,51.0
19:08:09,1764,30,176.0,46.37,83.5,56.2
19:08:10,2304,39,219.2,79.4,83.5,59.5
19:08:11,2836,49,209.5,80.89,68.5,47.8
19:08:12,2409,50,102.8,48.27,58.2,26.8
19:08:13,1944,52,153.0,50.92,81.7,52.0
19:08:14,2024,54,166.3,29.83,83.5,26.7
19:08:15,1931,52,125.1,24.66,83.5,16.4
19:08:16,1885,51,137.8,35.48,83.5,44.4
19:08:17,1881,51,158.5,33.63,51.2,31.9
19:08:18,1537,48,107.5,23.72,74.8,14.1
19:08:19,1153,43,112.2,11.24,83.5,14.1
19:08:20,1703,35,111.8,23.31,83.5,14.1
19:08:21,1586,28,119.0,28.53,83.5,14.1
19:08:22,1072,20,113.5,17.88,83.5,14.1
19:08:23,904,12,105.8,9.41,83.5,14.1
19:08:24,896,6,103.4,8.21,83.5,14.1
19:08:25,872,2,103.0,7.92,83.5,14.1
19:08:26,788,0,97.2,7.3,63.7,14.1
19:08:27,401,0,42.8,2.82,23.8,14.1
19:08:28,21,0,44.4,0.12,13.7,14.1
19:08:29,0,0,78.2,0.0,25.7,14.1
19:08:30,0,0,97.0,0.0,86.9,14.1
19:08:31,0,0,96.1,0.0,89.0,14.1
19:08:32,0,0,96.0,0.0,89.0,14.1
19:08:33,0,0,96.0,0.0,89.0,14.1
19:08:34,0,0,96.0,0.0,89.0,14.1
19:08:35,0,0,96.0,0.0,89.0,14.1
19:08:36,0,0,96.0,0.0,89.0,14.1
19:08:37,0,0,96.0,0.0,89.0,14.1
19:08:38,0,0,96.0,0.0,89.0,14.1
19:08:39,0,0,96.0,0.0,89.0,14.1
19:08:40,0,0,96.0,0.0,89.0,14.1
19:08:41,0,0,96.0,0.0,89.0,14.1
19:08:42,0,0,96.0,0.0,89.0,14.1
19:08:43,0,0,96.0,0.0,89.0,14.1
19:08:44,0,0,96.0,0.0,89.0,14.1
19:08:45,0,0,96.0,0.0,89.0,14.1
19:08:46,0,0,96.0,0.0,89.0,14.1
19:08:47,0,0,96.0,0.0,89.0,14.1
19:08:48,0,0,96.0,0.0,89.0,14.1
19:08:49,0,0,96.0,0.0,89.0,14.1
19:08:50,0,0,96.0,0.0,89.0,14.1
19:08:51,0,0,96.0,0.0,89.0,14.1
19:08:52,0,0,96.0,0.0,89.0,14.1
19:08:53,0,0,96.0,0.0,89.0,14.1
19:08:54,0,0,96.0,0.0,89.0,14.1
19:08:55,0,0,96.0,0.0,89.0,14.1
19:08:56,0,0,96.0,0.0,89.0,14.1
19:08:57,231,0,95.6,4.89,87.5,14.5
19:08:58,1110,0,96.0,16.19,84.0,21.6
19:08:59,1155,5,103.0,15.36,83.1,30.4
19:09:00,1731,14,124.7,35.8,83.1,50.1
19:09:01,2721,24,167.4,50.32,59.1,39.0
19:09:02,1894,27,98.0,30.48,63.9,37.7
19:09:03,2001,34,168.0,50.47,83.3,59.1
19:09:04,2488,43,204.0,76.91,79.1,52.8
19:09:05,2254,48,122.7,35.5,44.1,36.3
19:09:06,1946,51,152.3,49.08,83.5,50.3
19:09:07,1624,54,123.3,37.78,52.9,14.1
19:09:08,1395,54,115.0,24.55,69.2,14.1
19:09:09,1381,54,114.1,24.21,83.5,14.1
19:09:10,1368,54,112.3,24.05,83.5,14.1
19:09:11,1349,52,111.2,23.51,83.5,14.1
19:09:12,1325,51,110.0,22.89,83.5,14.1
19:09:13,1287,50,109.0,22.24,83.5,14.1
19:09:14,1253,49,108.6,21.45,83.5,14.1
19:09:15,1212,48,107.4,20.38,83.5,14.1
19:09:16,1167,46,106.2,19.45,83.5,14.1
19:09:17,981,45,105.8,12.12,83.5,14.1
19:09:18,1606,44,104.8,15.48,83.5,14.1
19:09:19,1640,44,111.0,29.11,83.5,14.1
19:09:20,1633,44,113.7,29.52,83.5,14.1
19:09:21,1622,43,114.0,29.36,83.5,14.1
19:09:22,1616,43,114.0,28.99,83.5,14.1
19:09:23,1607,43,113.7,28.66,83.5,14.1
19:09:24,1600,43,113.0,28.88,83.5,14.1
19:09:25,1599,43,113.0,28.57,83.5,14.1
19:09:26,1598,43,113.0,28.47,83.5,14.1
19:09:27,1609,43,111.5,20.62,83.5,19.3
19:09:28,1650,44,104.3,13.85,83.5,26.7
19:09:29,1686,45,106.5,16.01,83.5,17.2
19:09:30,1708,46,111.3,18.98,83.5,25.9
19:09:31,1752,47,108.8,18.6,83.5,29.4
19:09:32,1808,49,110.3,16.54,83.5,29.7
19:09:33,1871,50,115.0,19.6,83.5,32.2
19:09:34,1946,53,120.5,21.36,83.5,33.7
19:09:35,2014,55,129.0,22.63,83.5,35.7
19:09:36,1487,56,120.0,23.07,83.5,34.2
19:09:37,1529,59,137.0,33.87,83.5,46.1
19:09:38,1601,62,127.8,27.28,39.8,36.5
19:09:39,1638,64,121.3,17.46,83.5,35.0
19:09:40,1653,64,113.2,16.16,83.5,14.1
19:09:41,1643,64,114.7,23.72,83.5,14.1
19:09:42,1624,63,116.0,29.4,83.5,14.1
19:09:43,1593,62,115.6,28.5,83.5,14.1
19:09:44,1549,61,114.4,27.67,83.5,14.1
19:09:45,1500,59,112.5,26.31,83.5,14.1
19:09:46,1440,56,110.8,25.1,83.5,14.1
19:09:47,1311,54,109.5,22.9,83.5,14.1
19:09:48,1304,53,107.1,12.42,83.5,14.1
19:09:49,1867,50,112.7,26.5,83.5,14.1
19:09:50,1697,46,116.8,31.23,83.5,14.1
19:09:51,1479,40,113.5,26.5,83.5,14.1
19:09:52,1308,35,110.3,22.68,83.5,14.1
19:09:53,1248,34,108.0,21.0,83.5,14.1
19:09:54,1052,32,107.0,16.46,83.5,14.1
19:09:55,902,29,103.7,8.7,83.5,15.8
19:09:56,1377,27,102.8,12.98,83.5,21.3
19:09:57,1534,26,109.3,12.84,83.5,30.0
19:09:58,1637,28,119.5,18.77,83.5,36.0
19:09:59,1774,30,127.0,19.38,83.5,34.6
19:10:00,1324,32,118.0,15.92,83.5,18.0
19:10:01,1227,33,106.8,12.01,83.5,30.0
19:10:02,1275,34,105.7,11.32,83.5,26.3
19:10:03,1271,35,105.5,12.83,83.5,16.4
19:10:04,1271,34,106.7,18.15,83.5,22.6
19:10:05,1256,34,104.5,13.18,83.5,17.6
19:10:06,1269,34,104.5,13.68,83.5,30.0
19:10:07,1340,35,110.3,14.54,83.5,38.3
19:10:08,1466,39,126.5,23.12,83.5,43.6
19:10:09,1642,44,156.8,36.2,83.5,48.2
19:10:10,1794,48,159.5,36.79,63.3,38.4
19:10:11,1348,51,110.7,18.43,61.6,25.1
19:10:12,1344,52,106.3,11.98,83.5,26.0
19:10:13,1358,53,101.5,12.71,83.5,16.1
19:10:14,1154,52,104.3,14.62,83.5,14.1
19:10:15,1515,49,106.0,15.87,83.5,14.1
19:10:16,1742,47,114.4,28.05,83.5,14.1
19:10:17,1642,45,116.8,30.43,83.5,14.1
19:10:18,1385,40,115.2,26.52,83.5,14.1
19:10:19,962,35,109.3,12.89,83.5,14.1
19:10:20,1217,30,103.8,11.43,83.5,14.1
19:10:21,1294,23,106.7,19.05,83.5,14.1
19:10:22,904,19,106.2,9.83,83.5,14.1
19:10:23,891,14,103.5,8.25,83.5,14.1
19:10:24,895,12,102.3,8.2,83.5,14.1
19:10:25,897,10,102.0,8.13,83.5,14.2
19:10:26,882,11,102.0,7.4,83.5,16.7
19:10:27,914,15,103.2,11.32,83.5,25.3
19:10:28,1222,20,110.8,17.11,83.5,34.8
19:10:29,1482,25,119.5,17.66,83.5,35.7
19:10:30,1709,29,134.3,24.82,83.5,42.1
19:10:31,2029,34,155.5,38.1,83.5,44.5
19:10:32,2044,39,138.2,33.17,39.8,24.7
19:10:33,1606,41,107.8,19.23,82.2,37.9
19:10:34,1629,44,138.8,26.7,83.5,43.8
19:10:35,1758,47,152.6,28.62,83.5,41.7
19:10:36,1839,50,128.5,23.03,83.5,30.6
19:10:37,1569,49,110.2,17.59,83.5,17.1
19:10:38,1154,47,109.8,14.24,83.5,14.1
19:10:39,1658,44,108.7,23.4,83.5,14.1
19:10:40,2165,39,121.2,40.78,83.5,17.4
19:10:41,2072,36,127.2,27.59,83.5,26.1
19:10:42,1980,34,125.1,20.33,83.5,27.9
19:10:43,1882,32,115.2,17.32,83.5,17.4
19:10:44,1735,30,115.5,22.81,83.5,14.1
19:10:45,1563,27,115.9,28.51,83.5,14.1
19:10:46,1361,23,113.0,24.39,83.5,15.7
19:10:47,1221,21,108.3,15.04,83.5,21.4
19:10:48,1212,20,103.7,11.67,83.5,28.1
19:10:49,1341,23,109.5,17.92,83.5,41.4
19:10:50,1646,28,139.8,33.52,83.5,49.7
19:10:51,2138,37,185.5,63.26,83.5,48.4
19:10:52,2030,42,137.4,34.64,39.8,37.2
19:10:53,1684,45,123.4,24.49,83.5,40.6
19:10:54,1828,49,165.2,32.67,72.9,42.2
19:10:55,1894,51,114.4,30.63,56.3,18.8
19:10:56,1902,51,116.5,27.66,75.9,26.2
19:10:57,1904,51,117.1,21.13,83.5,17.5
19:10:58,1824,49,121.8,34.82,83.5,14.1
19:10:59,1700,46,120.8,32.32,83.5,14.1
19:11:00,1598,44,116.7,24.08,83.5,19.1
19:11:01,1538,41,110.0,15.24,83.5,30.0
19:11:02,1536,41,111.5,13.25,83.5,33.0
19:11:03,1570,42,117.0,16.85,83.5,34.1
19:11:04,1615,44,119.3,17.46,83.5,34.3
19:11:05,1665,45,120.7,18.69,83.5,35.8
19:11:06,1713,46,121.8,17.83,83.5,26.2
19:11:07,1711,46,113.0,16.7,83.5,14.3
19:11:08,1708,45,117.0,29.14,83.5,19.5
19:11:09,1734,46,115.7,19.25,83.5,34.1
19:11:10,1814,48,135.0,27.54,83.5,43.4
19:11:11,1928,52,154.7,30.29,83.5,35.5
19:11:12,1700,54,113.3,25.78,44.1,24.7
19:11:13,1412,55,107.0,12.69,79.1,27.1
19:11:14,1438,55,107.5,12.59,83.5,21.4
19:11:15,1434,56,108.2,17.7,83.5,14.1
19:11:16,1422,55,110.2,24.82,83.5,19.4
19:11:17,1439,56,106.7,13.91,83.5,28.5
19:11:18,1459,57,107.7,13.14,83.5,29.0
19:11:19,1485,58,109.4,12.94,83.5,27.8
19:11:20,1500,59,106.5,13.06,83.5,22.7
19:11:21,1487,58,105.8,13.42,83.5,14.1
19:11:22,1476,58,110.7,23.75,83.5,14.1
19:11:23,1470,57,112.5,16.9,83.5,21.4
19:11:24,1468,57,113.7,13.7,83.5,22.9
19:11:25,1478,57,114.0,13.74,83.5,24.3
19:11:26,1452,57,104.3,13.28,83.5,20.8
19:11:27,1457,57,107.5,18.78,83.5,14.1
19:11:28,1442,56,110.6,25.24,83.5,15.8
19:11:29,1426,55,110.2,24.93,83.5,14.1
19:11:30,1410,55,110.0,24.67,83.5,14.1
19:11:31,1395,54,110.0,24.2,83.5,14.1
19:11:32,1383,54,109.6,23.86,83.5,14.1
19:11:33,1368,53,109.0,23.65,83.5,14.1
19:11:34,1357,53,109.0,23.49,83.5,14.1
19:11:35,1345,52,108.1,23.06,83.5,14.1
19:11:36,1331,52,108.0,22.7,83.5,14.1
19:11:37,1224,51,108.0,22.63,83.5,14.1
19:11:38,1317,49,105.5,10.04,83.5,14.1
19:11:39,1764,47,108.3,23.97,83.5,14.1
19:11:40,1714,46,114.3,30.96,83.5,17.0
19:11:41,1712,46,115.7,19.78,83.5,26.7
19:11:42,1738,47,109.0,16.12,83.5,29.0
19:11:43,1770,47,109.5,15.87,83.5,29.2
19:11:44,1799,48,110.7,16.61,83.5,29.5
19:11:45,1818,49,111.8,17.26,83.5,31.3
19:11:46,1836,49,116.2,18.19,83.5,32.0
19:11:47,1861,50,121.0,20.32,83.5,35.4
19:11:48,1722,50,123.0,20.58,83.5,20.1
19:11:49,1388,51,111.7,11.68,83.5,28.7
19:11:50,1310,51,108.2,13.62,83.5,28.6
19:11:51,1311,51,105.8,11.77,83.5,23.0
19:11:52,1296,50,108.1,14.55,83.5,34.0
19:11:53,1301,51,117.1,15.66,83.5,35.7
19:11:54,1301,50,111.8,11.25,83.5,17.3
19:11:55,1276,49,103.3,10.5,83.5,27.2
19:11:56,1271,49,103.8,14.12,83.5,34.5
19:11:57,1291,50,114.9,15.35,83.5,35.3
19:11:58,1307,51,113.2,12.67,83.5,30.8
19:11:59,1322,52,106.8,12.78,83.5,29.3
19:12:00,1292,51,105.2,11.82,83.5,22.5
19:12:01,1301,51,106.5,17.94,83.5,14.1
19:12:02,1278,50,108.0,21.45,83.5,14.1
19:12:03,1260,49,107.4,18.19,83.5,22.4
19:12:04,1274,50,108.7,11.19,83.5,27.7
19:12:05,1273,49,107.2,11.77,83.5,14.1
19:12:06,1256,49,108.0,19.64,83.5,14.1
19:12:07,1239,48,106.2,19.92,83.5,23.6
19:12:08,1244,48,103.4,10.85,83.5,28.8
19:12:09,1257,49,103.0,10.56,83.5,25.0
19:12:10,1236,49,101.5,10.65,83.5,18.9
19:12:11,1254,48,103.3,18.0,83.5,21.9
19:12:12,1212,49,102.0,10.36,83.5,23.4
19:12:13,1112,49,102.7,9.12,83.5,15.1
19:12:14,1570,47,104.7,19.05,83.5,14.1
19:12:15,1522,43,113.0,26.41,83.5,14.1
19:12:16,925,32,110.7,13.39,83.5,14.1
19:12:17,886,23,105.0,8.54,83.5,14.1
19:12:18,891,14,103.3,8.27,83.5,14.1
19:12:19,893,3,101.5,8.06,83.5,14.1
19:12:20,694,0,79.5,2.9,37.0,14.1
19:12:21,147,0,38.9,1.07,13.7,14.1
19:12:22,0,0,50.6,0.0,25.7,14.1
19:12:23,0,0,86.8,0.0,86.5,14.1
19:12:24,0,0,97.0,0.0,88.8,14.1
19:12:25,0,0,97.0,0.0,89.0,14.1
19:12:26,0,0,97.0,0.0,88.7,14.1
19:12:27,0,0,97.0,0.0,88.6,14.1
19:12:28,0,0,96.2,0.0,88.6,14.1
19:12:29,0,0,96.0,0.0,88.8,14.1
19:12:30,0,0,96.0,0.0,89.0,14.1
19:12:31,0,0,96.0,0.0,88.7,14.1
19:12:32,0,0,96.0,0.0,88.9,14.1
19:12:33,0,0,96.0,0.0,88.8,14.1
19:12:34,0,0,96.0,0.0,89.0,14.1
19:12:35,0,0,96.0,0.0,88.7,14.1
19:12:36,0,0,96.0,0.0,88.9,14.1
19:12:37,0,0,96.0,0.0,88.6,14.1
19:12:38,0,0,96.0,0.0,88.7,14.1
19:12:39,0,0,96.0,0.0,89.0,14.1
19:12:40,0,0,96.0,0.0,89.0,14.1
19:12:41,0,0,96.0,0.0,88.7,14.1
19:12:42,0,0,96.0,0.0,89.0,14.1
19:12:43,0,0,96.0,0.0,88.9,14.1
19:12:44,0,0,96.0,0.0,88.6,14.1
19:12:45,0,0,96.0,0.0,88.8,14.1
19:12:46,0,0,96.0,0.0,88.7,14.1
19:12:47,0,0,96.0,0.0,88.6,14.1
19:12:48,0,0,96.0,0.0,89.0,14.1
19:12:49,0,0,96.0,0.0,89.0,14.1
19:12:50,0,0,96.0,0.0,88.8,14.1
19:12:51,0,0,96.0,0.0,88.6,14.1
19:12:52,0,0,96.0,0.0,88.9,14.1
19:12:53,0,0,96.0,0.0,88.9,14.1
19:12:54,0,0,96.0,0.0,88.7,14.1
19:12:55,0,0,96.0,0.0,89.0,14.1
19:12:56,0,0,96.0,0.0,89.0,14.1
19:12:57,0,0,96.0,0.0,88.6,14.1
19:12:58,0,0,96.0,0.0,88.9,14.1
19:12:59,0,0,96.0,0.0,88.7,14.1
19:13:00,0,0,96.0,0.0,89.0,14.1
19:13:01,0,0,96.0,0.0,89.0,14.1
19:13:02,0,0,96.0,0.0,88.6,14.1
19:13:03,0,0,96.0,0.0,89.0,14.1
19:13:04,0,0,96.0,0.0,88.8,14.5
19:13:05,0,0,96.0,0.0,88.6,14.5
19:13:06,270,0,94.7,0.0,88.9,14.3
19:13:07,994,0,94.0,13.16,83.6,14.4
19:13:08,924,0,97.3,8.88,83.1,15.1
19:13:09,960,0,99.7,9.73,83.1,16.7
19:13:10,1110,4,106.0,13.51,83.1,26.9
19:13:11,1630,13,123.7,27.76,83.1,40.2
19:13:12,2306,21,130.5,44.42,78.8,32.1
19:13:13,1814,24,108.7,27.69,44.1,16.8
19:13:14,1304,23,108.7,21.23,83.5,16.2
19:13:15,1306,21,108.2,14.0,83.5,28.1
19:13:16,1425,24,115.0,17.99,83.5,40.2
19:13:17,1703,29,143.5,29.26,83.5,47.2
19:13:18,2024,34,181.3,36.42,75.6,45.1
19:13:19,1782,37,115.3,27.62,61.6,23.7
19:13:20,1494,39,127.2,29.95,80.1,52.8
19:13:21,1620,43,152.7,25.98,83.5,43.0
19:13:22,1677,45,124.5,16.93,83.5,33.9
19:13:23,1686,45,117.0,16.86,83.5,32.3
19:13:24,1690,46,117.0,17.04,83.5,32.2
19:13:25,1689,45,118.2,17.18,83.5,32.2
19:13:26,1688,45,119.3,17.43,83.5,32.8
19:13:27,1698,45,121.0,18.13,83.5,33.9
19:13:28,1701,46,120.7,17.76,83.5,32.1
19:13:29,1698,46,117.5,17.36,83.5,32.7
19:13:30,1699,46,116.0,17.35,83.5,32.0
19:13:31,1693,46,115.7,17.03,83.5,31.6
19:13:32,1686,45,114.0,16.59,83.5,30.5
19:13:33,1663,44,112.3,17.01,83.5,15.4
19:13:34,1582,43,114.5,19.55,83.5,14.1
19:13:35,967,42,111.4,13.61,83.5,14.1
19:13:36,1722,39,107.8,16.61,83.5,14.1
19:13:37,2021,34,117.5,38.23,83.5,14.1
19:13:38,1865,32,120.3,35.57,83.5,14.1
19:13:39,1718,30,118.3,32.27,83.5,14.1
19:13:40,1559,27,114.7,28.85,83.5,14.1
19:13:41,1304,24,112.3,25.31,83.5,14.1
19:13:42,908,20,108.3,7.54,83.5,14.1
19:13:43,900,12,103.8,8.66,83.5,14.1
19:13:44,821,8,102.2,9.94,83.5,16.9
19:13:45,899,10,104.2,10.97,83.5,27.0
19:13:46,948,13,106.8,13.72,83.5,33.5
19:13:47,1091,18,111.8,17.66,83.5,40.7
19:13:48,1278,23,121.7,20.01,70.4,37.6
19:13:49,1010,24,108.3,13.06,52.9,14.1
19:13:50,897,22,103.0,8.1,83.5,14.1
19:13:51,896,15,103.0,8.26,83.5,14.1
19:13:52,897,8,102.5,8.15,83.5,14.1
19:13:53,899,6,102.0,8.1,83.5,14.1
19:13:54,902,4,102.0,8.58,83.5,15.9
19:13:55,1047,5,101.5,9.41,83.5,21.0
19:13:56,1001,8,104.3,10.27,83.5,21.0
19:13:57,1149,10,103.5,9.69,83.5,22.6
19:13:58,1234,11,100.0,10.41,83.5,22.2
19:13:59,1254,11,98.2,10.4,83.5,24.7
19:14:00,1376,12,100.7,12.2,83.5,30.0
19:14:01,1654,14,115.0,17.5,83.5,37.1
19:14:02,1935,17,121.0,23.05,83.5,32.2
19:14:03,2011,18,111.0,18.86,83.5,29.1
19:14:04,1983,17,110.7,17.68,83.5,29.5
19:14:05,1967,17,112.0,17.99,83.5,29.8
19:14:06,1963,17,112.0,18.02,83.5,29.8
19:14:07,1965,17,112.5,17.89,83.5,29.8
19:14:08,1969,17,113.0,18.18,83.5,29.8
19:14:09,1968,17,113.0,17.84,83.5,29.8
19:14:10,1970,17,113.0,17.98,83.5,29.9
19:14:11,1984,17,113.0,18.16,83.5,30.2
19:14:12,1991,17,113.0,18.19,83.5,29.9
19:14:13,1990,18,113.0,18.1,83.5,29.8
19:14:14,1991,18,113.0,17.89,83.5,29.8
19:14:15,1991,18,113.0,17.97,83.5,29.8
19:14:16,1989,17,113.0,18.05,83.5,29.8
19:14:17,1990,17,113.0,17.87,83.5,29.8
19:14:18,1987,17,113.0,18.06,83.5,29.8
19:14:19,1983,17,113.0,17.99,83.5,30.1
19:14:20,1990,18,112.9,18.1,83.5,29.4
19:14:21,1983,17,112.0,17.89,83.5,28.9
19:14:22,1960,17,111.0,17.35,83.5,26.9
19:14:23,1818,16,111.2,17.81,83.5,16.8
19:14:24,1269,13,114.5,16.3,83.5,14.1
19:14:25,926,9,107.4,11.01,83.5,14.1
19:14:26,896,5,103.8,8.33,83.5,14.3
19:14:27,906,4,103.0,8.51,83.5,16.4
19:14:28,974,4,103.6,8.92,83.5,20.2
19:14:29,1082,7,106.2,12.83,83.5,23.0
19:14:30,1472,12,114.9,19.1,83.5,33.2
19:14:31,1741,17,127.7,19.97,83.5,25.7
19:14:32,1085,17,114.4,8.9,83.5,14.1
19:14:33,909,15,107.1,11.66,83.5,14.1
19:14:34,898,13,104.2,8.44,83.5,14.1
19:14:35,899,12,102.8,8.21,83.5,14.1
19:14:36,896,11,102.0,8.01,83.5,14.1
19:14:37,895,8,102.0,8.11,83.5,14.1
19:14:38,902,5,102.0,8.24,83.5,14.1
19:14:39,890,2,102.0,8.05,83.5,14.1
19:14:40,817,0,101.8,7.41,83.5,15.5
19:14:41,926,0,101.4,8.93,83.5,16.9
19:14:42,957,1,102.5,8.81,83.5,15.3
19:14:43,954,2,103.0,8.82,83.5,14.8
19:14:44,973,3,103.0,8.97,83.5,14.3
19:14:45,976,2,103.2,8.88,83.5,17.2
19:14:46,1127,1,102.7,10.8,83.5,20.6
19:14:47,1033,2,101.0,8.51,83.5,16.1
19:14:48,961,1,102.7,8.75,83.5,14.8
19:14:49,936,1,103.0,8.7,83.5,17.6
19:14:50,938,1,103.2,8.66,83.5,17.8
19:14:51,944,1,103.6,8.84,83.5,15.4
19:14:52,961,0,103.0,8.42,83.5,14.1
19:14:53,888,0,103.0,8.17,83.5,14.1
19:14:54,834,0,102.1,7.56,83.5,14.1
19:14:55,803,1,101.0,7.24,83.5,14.1
19:14:56,775,1,100.6,6.99,83.5,14.1
19:14:57,773,1,100.0,6.99,83.5,14.1
19:14:58,771,1,100.0,6.97,83.5,14.1
19:14:59,771,1,100.0,6.91,83.5,14.1
19:15:00,771,1,100.0,7.01,83.5,14.1
19:15:01,770,2,100.0,6.91,83.5,14.1
19:15:02,772,2,100.0,7.14,83.5,14.1
19:15:03,771,2,100.0,7.22,83.5,14.1
19:15:04,772,2,100.0,7.14,83.5,14.1
19:15:05,772,2,100.0,7.04,83.5,14.1
19:15:06,767,1,100.0,7.0,83.5,14.1
19:15:07,774,1,100.0,7.05,83.5,14.1
19:15:08,772,1,100.0,6.88,83.5,14.1
19:15:09,771,1,100.0,6.87,83.5,14.1
19:15:10,771,1,100.0,6.88,83.5,14.1
19:15:11,768,1,100.0,6.9,83.5,14.1
19:15:12,770,1,100.0,6.89,83.5,14.1
19:15:13,771,1,100.0,6.97,83.5,14.1
19:15:14,698,0,74.7,3.56,48.6,14.1
19:15:15,132,0,40.0,0.28,13.7,14.1
19:15:16,0,0,70.8,0.0,13.7,14.1
19:15:17,0,0,97.0,0.0,85.8,14.1
19:15:18,0,0,97.0,0.0,88.6,14.1
19:15:19,0,0,97.0,0.0,88.8,14.1
19:15:20,85,0,95.8,2.59,89.0,14.1
19:15:21,971,0,95.8,11.88,84.5,14.1
19:15:22,831,0,98.2,12.43,83.1,14.1
19:15:23,779,0,99.8,10.84,83.1,14.1
19:15:24,753,0,100.0,8.32,83.1,14.1
19:15:25,741,0,100.0,7.56,83.1,14.1
19:15:26,761,0,100.0,6.98,83.1,14.1
19:15:27,770,0,100.0,6.82,83.1,14.1
19:15:28,775,0,100.0,6.88,83.1,14.1
19:15:29,775,0,100.0,6.96,83.1,14.3
19:15:30,773,0,100.0,6.9,83.1,14.3
19:15:31,770,0,100.0,7.08,83.1,14.7
19:15:32,844,0,100.6,8.14,83.1,15.6
19:15:33,909,1,101.8,8.56,83.1,15.7
19:15:34,912,4,103.0,9.01,83.1,15.7
19:15:35,1028,9,104.0,9.41,83.1,17.4
19:15:36,1095,9,102.8,9.28,83.1,20.8
19:15:37,998,10,101.6,8.14,83.1,15.4
19:15:38,923,9,102.0,8.21,83.1,14.1
19:15:39,908,5,102.0,8.03,83.1,14.1
19:15:40,852,1,101.7,7.7,83.1,14.1
19:15:41,781,0,101.0,6.84,83.1,14.1
19:15:42,771,0,100.3,6.97,83.1,14.1
19:15:43,772,0,100.0,6.88,83.1,14.1
19:15:44,769,0,100.0,6.88,83.1,14.1
19:15:45,771,0,100.0,6.84,83.1,14.1
19:15:46,771,0,100.0,6.82,83.1,14.1
19:15:47,772,0,100.0,6.78,83.1,14.1
19:15:48,772,0,100.0,6.87,83.1,14.7
19:15:49,914,0,100.1,8.14,83.1,15.7
19:15:50,887,0,101.2,8.33,83.1,15.9
19:15:51,900,3,102.4,8.54,83.1,16.1
19:15:52,968,7,103.5,9.61,83.1,15.8
19:15:53,1058,9,104.0,9.46,83.1,19.1
19:15:54,1068,9,104.0,9.48,83.1,22.0
19:15:55,1140,10,103.3,10.08,83.1,24.5
19:15:56,1317,11,100.0,11.1,83.1,24.5
19:15:57,1422,12,100.0,11.79,83.1,23.6
19:15:58,1456,13,100.0,11.95,83.1,23.0
19:15:59,1452,13,100.0,11.95,83.1,22.8
19:16:00,1451,13,100.2,12.0,83.1,23.5
19:16:01,1474,13,101.4,12.23,83.1,24.0
19:16:02,1518,13,104.9,13.22,83.1,25.3
19:16:03,1591,14,108.5,13.77,83.1,25.5
19:16:04,1567,14,108.9,12.77,83.1,23.3
19:16:05,902,15,107.2,9.44,83.1,19.4
19:16:06,913,15,104.6,8.54,83.1,21.3
19:16:07,975,16,104.0,9.07,83.1,22.0
19:16:08,1049,18,104.8,9.57,83.1,23.4
19:16:09,1102,19,103.8,9.59,83.1,23.0
19:16:10,1146,19,99.5,9.52,83.1,23.3
19:16:11,1186,20,98.0,9.71,83.1,23.1
19:16:12,1218,21,98.0,10.2,83.1,22.7
19:16:13,1244,21,98.0,10.35,83.1,23.0
19:16:14,1268,22,98.2,10.63,83.1,19.8
19:16:15,1222,21,100.8,10.84,83.1,14.1
19:16:16,1144,20,103.5,18.32,83.1,14.1
19:16:17,993,19,104.0,14.96,83.1,14.1
19:16:18,890,17,102.5,7.44,83.1,14.1
19:16:19,893,14,102.0,8.14,83.1,14.1
19:16:20,961,11,101.8,7.89,83.1,17.0
19:16:21,1324,11,101.0,12.58,83.1,25.0
19:16:22,1342,12,105.1,11.93,83.1,16.3
19:16:23,1039,13,107.2,8.42,83.1,14.1
19:16:24,896,10,104.1,8.39,83.1,14.1
19:16:25,880,4,102.7,8.11,83.1,14.1
19:16:26,838,3,101.5,7.69,83.1,14.1
19:16:27,774,3,101.0,6.93,83.1,14.1
19:16:28,766,1,100.2,6.94,83.1,14.1
19:16:29,769,0,100.0,6.98,83.1,14.6
19:16:30,857,1,100.2,8.41,83.1,15.7
19:16:31,913,2,101.4,8.14,83.1,16.0
19:16:32,892,5,102.6,8.58,83.1,16.4
19:16:33,1022,8,103.8,9.82,83.1,20.1
19:16:34,1306,11,107.9,14.47,83.1,34.1
19:16:35,1857,16,126.8,25.14,83.4,41.4
19:16:36,2043,20,134.8,31.76,83.5,23.3
19:16:37,1354,21,119.1,13.98,83.5,14.1
19:16:38,958,19,110.5,12.05,83.5,14.1
19:16:39,908,16,104.7,8.42,83.5,14.1
19:16:40,900,10,102.8,8.18,83.5,14.1
19:16:41,900,4,102.0,7.99,83.5,14.1
19:16:42,864,2,102.0,7.86,83.5,14.1
19:16:43,784,1,101.3,7.21,83.5,14.1
19:16:44,769,1,100.1,7.02,83.5,14.1
19:16:45,782,0,100.0,7.02,83.5,14.1
19:16:46,928,0,100.4,8.47,83.5,14.1
19:16:47,874,0,101.0,7.74,83.5,14.1
19:16:48,823,0,101.0,7.53,83.5,14.1
19:16:49,773,0,100.9,7.16,83.5,14.1
19:16:50,771,0,100.0,7.04,83.5,14.1
19:16:51,822,0,100.0,6.97,83.5,17.0
19:16:52,917,0,101.2,8.66,83.5,18.7
19:16:53,920,2,102.0,8.71,83.5,18.8
19:16:54,911,4,103.0,8.74,83.5,18.9
19:16:55,1043,8,104.8,11.14,83.5,21.8
19:16:56,1441,12,111.6,15.57,83.5,33.4
19:16:57,1555,16,117.4,18.33,83.5,19.3
19:16:58,1196,18,112.8,14.29,83.5,35.5
19:16:59,1366,23,121.2,19.37,83.5,39.2
19:17:00,1578,27,122.3,16.6,83.5,32.8
19:17:01,1663,28,110.0,14.76,83.5,27.5
19:17:02,1702,29,105.7,14.34,83.5,25.6
19:17:03,1725,30,104.2,14.54,83.5,25.3
19:17:04,1737,30,105.2,14.85,83.5,24.9
19:17:05,1739,30,106.0,14.94,83.5,25.3
19:17:06,1750,30,107.8,15.29,83.5,26.2
19:17:07,1763,30,109.0,15.57,83.5,25.3
19:17:08,1769,30,107.2,15.42,83.5,24.3
19:17:09,1753,30,108.0,15.72,83.5,19.2
19:17:10,1688,29,113.1,22.6,83.5,21.2
19:17:11,1682,28,114.2,19.75,83.5,27.3
19:17:12,1723,30,111.5,16.45,83.5,32.6
19:17:13,1652,31,120.2,14.9,83.5,31.4
19:17:14,1220,32,112.0,15.5,83.5,33.6
19:17:15,1307,35,117.5,17.44,83.5,38.3
19:17:16,1394,37,119.2,15.79,83.5,32.1
19:17:17,1436,39,110.7,13.66,83.5,28.2
19:17:18,1430,39,104.7,12.27,83.5,22.0
19:17:19,1427,38,107.5,18.31,83.5,14.1
19:17:20,1390,37,110.0,23.49,83.5,14.1
19:17:21,1353,36,109.5,23.28,83.5,14.1
19:17:22,1314,36,108.3,22.36,83.5,14.1
19:17:23,1268,34,108.0,21.51,83.5,14.1
19:17:24,1222,33,106.8,20.52,83.5,14.1
19:17:25,1109,32,105.6,18.62,83.5,14.1
19:17:26,924,30,103.8,7.26,83.5,14.1
19:17:27,901,27,102.2,8.26,83.5,14.1
19:17:28,902,21,102.0,8.06,83.5,14.1
19:17:29,896,13,102.0,8.05,83.5,14.1
19:17:30,874,5,102.0,8.16,83.5,14.1
19:17:31,858,1,102.0,7.99,73.0,14.1
19:17:32,587,0,57.6,5.38,18.9,14.1
19:17:33,151,0,42.9,0.66,13.7,14.1
19:17:34,0,0,66.2,0.0,13.7,14.1
19:17:35,0,0,97.0,0.0,73.5,14.1
19:17:36,0,0,97.0,0.0,88.7,14.1
19:17:37,0,0,97.0,0.0,88.9,14.1
19:17:38,0,0,97.0,0.0,88.6,14.1
19:17:39,0,0,97.0,0.0,88.9,14.1
19:17:40,0,0,96.6,0.0,88.7,14.1
19:17:41,0,0,96.0,0.0,88.7,14.1
19:17:42,0,0,96.0,0.0,89.0,14.1
19:17:43,0,0,96.0,0.0,88.8,14.1
19:17:44,0,0,96.0,0.0,88.6,14.1
19:17:45,0,0,96.0,0.0,88.6,14.1
19:17:46,0,0,96.0,0.0,88.7,14.1
19:17:47,0,0,96.0,0.0,88.9,14.1
19:17:48,0,0,96.0,0.0,88.8,14.1
19:17:49,0,0,96.0,0.0,89.0,14.1
19:17:50,0,0,96.0,0.0,88.7,14.1
19:17:51,0,0,96.0,0.0,88.6,14.1
19:17:52,399,0,128.0,5.5,87.1,14.1
19:17:53,848,0,103.3,13.81,83.1,14.1
19:17:54,824,0,98.2,11.32,83.1,14.1
19:17:55,775,0,99.0,7.99,83.1,14.1
19:17:56,751,0,99.0,6.5,83.1,14.1
19:17:57,743,0,99.7,6.98,83.1,14.1
19:17:58,762,0,100.0,6.95,83.1,14.1
19:17:59,771,0,100.0,6.94,83.1,14.1
19:18:00,776,0,100.0,6.75,83.1,14.1
19:18:01,776,0,100.0,6.79,83.1,14.1
19:18:02,775,0,100.0,6.73,83.1,14.1
19:18:03,772,0,100.0,6.72,83.1,14.1
19:18:04,772,0,100.0,6.74,83.1,14.1
19:18:05,773,0,100.0,6.73,83.1,14.1
19:18:06,772,0,100.0,6.87,83.1,14.1
19:18:07,772,0,100.0,6.87,83.1,14.1
19:18:08,771,0,100.0,6.83,83.1,14.1
19:18:09,770,0,100.0,6.91,83.1,14.1
19:18:10,772,0,100.0,6.68,83.1,14.1
19:18:11,770,0,100.0,6.84,83.1,14.1
19:18:12,770,0,100.0,6.85,83.1,14.1
19:18:13,770,0,100.0,6.86,83.1,14.1
19:18:14,770,0,100.0,6.98,83.1,14.1
19:18:15,771,0,100.0,7.01,83.1,14.1
19:18:16,770,0,100.0,6.94,83.1,14.1
19:18:17,769,0,100.0,7.07,83.1,14.1
19:18:18,769,0,100.0,6.99,83.1,14.2
19:18:19,771,0,100.0,6.95,83.1,14.3
19:18:20,770,0,100.0,6.91,83.1,14.1
19:18:21,772,0,100.0,6.93,83.1,14.1
19:18:22,770,0,100.0,7.08,83.1,14.1
19:18:23,771,0,100.0,7.09,83.1,14.1
19:18:24,770,0,100.0,7.04,83.1,14.1
19:18:25,768,0,100.0,6.82,83.1,14.1
19:18:26,770,0,100.0,6.95,83.1,14.1
19:18:27,770,0,100.0,6.98,83.1,14.4
19:18:28,769,0,100.0,7.06,83.1,14.1
19:18:29,767,0,100.0,6.97,83.1,14.1
19:18:30,769,0,100.0,6.88,83.1,14.1
19:18:31,766,0,100.0,7.04,83.1,14.1
19:18:32,772,0,100.0,7.18,83.1,14.1
19:18:33,779,0,100.0,7.03,83.1,14.1
19:18:34,760,0,100.0,6.9,83.1,14.1
19:18:35,765,0,100.0,7.1,83.1,14.1
19:18:36,770,0,100.0,6.94,83.1,14.1
19:18:37,771,0,100.0,6.92,83.1,14.1
19:18:38,771,0,100.0,6.93,83.1,14.1
19:18:39,769,0,100.0,6.91,83.1,14.1
19:18:40,770,0,100.0,7.07,83.1,14.1
19:18:41,771,0,100.0,7.05,83.1,14.1
19:18:42,842,0,100.0,7.65,83.1,18.0
19:18:43,882,3,101.7,9.1,83.1,18.3
19:18:44,943,7,103.0,10.16,83.1,18.5
19:18:45,1095,10,100.3,10.0,62.2,16.2
19:18:46,940,10,97.5,13.06,59.6,14.1
19:18:47,912,8,100.7,8.17,83.5,14.2
19:18:48,875,7,101.0,7.9,83.5,16.9
19:18:49,1011,9,102.5,9.74,83.5,25.7
19:18:50,1411,12,109.0,14.68,83.5,36.9
19:18:51,1780,16,124.5,27.94,79.1,38.2
19:18:52,1488,19,116.0,24.71,44.1,36.5
19:18:53,1422,24,120.5,27.95,83.5,52.1
19:18:54,1839,31,163.5,46.85,83.5,45.9
19:18:55,1802,35,130.3,32.15,44.1,34.9
19:18:56,1374,36,114.0,17.1,79.1,36.7
19:18:57,1407,38,117.7,15.07,83.5,32.3
19:18:58,1425,38,109.5,12.97,83.5,23.8
19:18:59,1388,37,105.5,11.92,83.5,14.1
19:19:00,1327,36,106.7,17.73,83.5,20.5
19:19:01,1270,34,104.5,12.21,83.5,16.8
19:19:02,1219,32,105.7,18.99,83.5,14.1
19:19:03,1103,30,106.0,16.82,83.5,14.1
19:19:04,927,22,103.8,10.3,83.5,14.1
19:19:05,902,10,102.7,8.29,83.5,14.1
19:19:06,875,2,102.0,7.91,83.5,14.1
19:19:07,790,0,101.2,7.34,83.5,14.1
19:19:08,768,0,100.9,6.99,83.5,14.1
19:19:09,769,0,100.0,6.79,83.5,14.1
19:19:10,769,0,100.0,6.87,83.5,14.1
19:19:11,769,0,100.0,6.95,83.5,14.1
19:19:12,769,0,100.0,7.04,83.5,14.1
19:19:13,768,0,100.0,6.91,83.5,14.1
19:19:14,770,0,100.0,6.9,83.5,14.1
19:19:15,768,0,100.0,6.95,83.5,14.1
19:19:16,768,0,100.0,7.01,83.5,14.4
19:19:17,769,0,100.0,6.93,83.5,14.1
19:19:18,768,0,100.0,6.91,83.5,14.1
19:19:19,769,0,100.0,6.96,83.5,14.1
19:19:20,770,0,100.0,6.74,83.5,14.1
19:19:21,770,0,100.0,7.19,83.5,14.1
19:19:22,897,1,100.8,10.66,83.5,23.9
19:19:23,1059,6,108.2,17.28,83.5,31.8
19:19:24,1874,17,128.3,27.76,83.5,42.3
19:19:25,2004,20,120.5,28.62,39.7,30.5
19:19:26,1538,22,109.3,21.57,82.9,45.6
19:19:27,1680,29,148.0,36.54,83.5,49.4
19:19:28,2061,35,190.8,44.65,83.5,47.6
19:19:29,2160,40,151.7,36.94,44.1,28.2
19:19:30,1665,41,108.5,21.68,76.5,37.2
19:19:31,1618,44,141.4,25.27,83.5,43.0
19:19:32,1693,46,134.5,20.76,83.5,36.3
19:19:33,1714,46,114.7,17.54,83.5,32.7
19:19:34,1721,46,113.8,17.49,83.5,32.3
19:19:35,1723,46,115.6,17.26,83.5,31.9
19:19:36,1694,45,114.5,17.02,83.5,14.1
19:19:37,1638,44,116.7,24.08,83.5,14.1
19:19:38,1587,42,115.8,28.72,83.5,14.1
19:19:39,1533,41,114.3,27.28,83.5,14.1
19:19:40,1471,39,112.5,25.95,83.5,14.1
19:19:41,1358,36,111.3,23.53,83.5,14.1
19:19:42,1211,32,109.3,20.39,83.5,14.1
19:19:43,924,28,105.5,11.18,83.5,14.1
19:19:44,894,21,102.7,8.17,83.5,14.1
19:19:45,896,12,102.0,7.92,83.5,14.1
19:19:46,897,4,102.0,7.92,83.5,14.1
19:19:47,845,1,102.0,7.64,83.5,14.1
19:19:48,775,0,100.8,6.94,83.5,14.1
19:19:49,768,0,100.0,6.81,83.5,14.1
19:19:50,770,0,100.0,6.82,83.5,14.1
19:19:51,769,0,100.0,6.78,83.5,14.1
19:19:52,769,0,100.0,6.73,83.5,14.1
19:19:53,769,0,100.0,6.88,83.5,14.1
19:19:54,770,0,100.0,6.88,83.5,14.1
19:19:55,769,0,100.0,6.97,83.5,14.1
19:19:56,872,0,100.0,8.24,83.5,16.7
19:19:57,926,3,102.5,11.89,83.5,21.9
19:19:58,1441,11,111.7,20.19,83.5,33.8
19:19:59,1944,18,115.8,31.27,83.5,23.6
19:20:00,1600,21,104.4,25.02,35.8,33.3
19:20:01,1483,26,123.2,23.72,67.3,39.4
19:20:02,1094,28,106.4,16.9,54.5,14.1
19:20:03,895,26,105.7,9.38,83.2,14.1
19:20:04,891,19,103.6,8.32,83.5,14.1
19:20:05,895,12,103.0,8.17,83.5,14.1
19:20:06,897,4,102.2,8.13,83.5,14.1
19:20:07,822,0,96.5,4.39,51.8,14.1
19:20:08,238,0,37.5,0.41,13.7,14.1
19:20:09,0,0,50.0,0.0,13.7,14.1
19:20:10,0,0,78.5,0.0,76.6,14.1
19:20:11,0,0,97.0,0.0,86.3,14.1
19:20:12,0,0,97.0,0.0,88.6,14.1
19:20:13,0,0,97.0,0.0,88.6,14.1
19:20:14,0,0,97.0,0.0,88.6,14.1
19:20:15,0,0,96.5,0.0,88.6,14.1
19:20:16,0,0,96.0,0.0,88.6,14.1
19:20:17,0,0,96.0,0.0,88.6,14.1
19:20:18,0,0,96.0,0.0,88.6,14.1
19:20:19,0,0,96.0,0.0,88.6,14.1
19:20:20,0,0,96.0,0.0,88.6,14.1
19:20:21,0,0,96.0,0.0,88.6,14.1
19:20:22,0,0,96.0,0.0,88.6,14.1
19:20:23,0,0,96.0,0.0,88.6,14.1
19:20:24,0,0,96.0,0.0,88.6,14.1
19:20:25,0,0,96.0,0.0,88.6,14.1
19:20:26,0,0,96.0,0.0,88.6,14.1
19:20:27,0,0,96.0,0.0,88.6,14.1
19:20:28,0,0,96.0,0.0,88.6,14.1
19:20:29,0,0,96.0,0.0,88.6,14.1
19:20:30,0,0,96.0,0.0,88.6,14.1
19:20:31,0,0,96.0,0.0,88.6,14.1
19:20:32,0,0,96.0,0.0,88.7,14.1
19:20:33,0,0,96.0,0.0,88.8,14.1
19:20:34,0,0,96.0,0.0,88.6,14.1
19:20:35,0,0,96.0,0.0,88.9,14.1
19:20:36,0,0,96.0,0.0,88.6,14.1
19:20:37,0,0,96.0,0.0,88.6,14.1
19:20:38,0,0,96.0,0.0,88.6,14.1
19:20:39,0,0,96.0,0.0,88.6,14.1
19:20:40,0,0,96.0,0.0,88.6,14.1
19:20:41,0,0,96.0,0.0,88.6,14.1
19:20:42,0,0,96.0,0.0,88.6,14.1
19:20:43,0,0,96.0,0.0,88.6,14.1
19:20:44,0,0,96.0,0.0,88.6,14.1
19:20:45,0,0,96.0,0.0,88.6,14.1
19:20:46,0,0,96.0,0.0,89.0,14.1
19:20:47,0,0,96.0,0.0,88.9,14.1
19:20:48,0,0,96.0,0.0,88.6,14.2
19:20:49,0,0,96.0,0.0,88.6,14.7
19:20:50,0,0,96.0,0.0,88.9,14.9
19:20:51,0,0,96.0,0.0,88.6,14.6
19:20:52,0,0,96.0,0.0,88.6,14.2
19:20:53,0,0,96.0,0.0,88.8,14.6
19:20:54,0,0,96.0,0.0,89.0,14.9
19:20:55,0,0,96.0,0.0,88.7,14.9
19:20:56,0,0,96.0,0.0,88.6,14.9
19:20:57,0,0,96.0,0.0,88.7,14.9
19:20:58,0,0,96.0,0.0,88.8,14.9
19:20:59,0,0,96.0,0.0,88.6,14.9
19:21:00,0,0,96.0,0.0,88.6,14.9
19:21:01,0,0,96.0,0.0,88.6,14.9
19:21:02,0,0,96.0,0.0,88.7,14.9
19:21:03,0,0,96.0,0.0,88.8,14.9
19:21:04,0,0,96.0,0.0,88.9,14.9
19:21:05,0,0,96.0,0.0,89.0,14.9
19:21:06,0,0,96.0,0.0,88.9,14.9
19:21:07,0,0,96.0,0.0,88.8,14.9
19:21:08,0,0,96.0,0.0,89.0,14.9
19:21:09,0,0,96.0,0.0,89.0,14.9
19:21:10,0,0,96.0,0.0,88.7,14.9
19:21:11,0,0,96.0,0.0,88.9,14.9
19:21:12,0,0,96.0,0.0,88.6,14.9
19:21:13,0,0,96.0,0.0,88.8,14.9
19:21:14,0,0,96.0,0.0,89.0,14.9
19:21:15,0,0,96.0,0.0,88.7,14.3
19:21:16,0,0,96.0,0.0,88.7,14.1
19:21:17,0,0,96.0,0.0,88.8,14.1
19:21:18,0,0,96.0,0.0,88.6,14.3
19:21:19,0,0,96.0,0.0,88.9,14.3
19:21:20,0,0,96.0,0.0,88.7,14.1
19:21:21,0,0,96.0,0.0,88.7,14.4
19:21:22,0,0,96.0,0.0,88.9,14.1
19:21:23,0,0,96.0,0.0,88.6,14.1
19:21:24,0,0,96.0,0.0,88.6,14.1
19:21:25,0,0,96.0,0.0,88.6,14.1
19:21:26,0,0,96.0,0.0,88.9,14.1
19:21:27,0,0,96.0,0.0,88.7,14.1
19:21:28,0,0,96.8,0.0,88.8,14.1
19:21:29,506,0,102.3,9.59,88.6,19.8
19:21:30,1105,2,96.0,14.91,84.9,24.7
19:21:31,1309,10,103.3,17.82,83.1,32.6
19:21:32,1949,17,131.4,26.87,64.3,39.1
19:21:33,1504,20,103.4,22.21,55.9,17.2
19:21:34,1214,20,103.7,11.12,82.5,23.5
19:21:35,1262,21,104.5,10.78,83.5,27.6
19:21:36,1360,23,111.3,14.45,83.5,34.9
19:21:37,1519,26,123.2,19.3,83.5,34.8
19:21:38,1329,28,116.0,19.08,52.9,22.8
19:21:39,1128,30,108.3,15.18,70.4,36.0
19:21:40,1227,33,116.0,16.38,83.5,39.3
19:21:41,1321,35,122.3,17.21,83.5,38.3
19:21:42,1402,37,127.3,15.85,83.5,35.5
19:21:43,1457,39,117.0,14.47,83.5,31.5
19:21:44,1494,40,111.3,13.46,83.5,29.5
19:21:45,1511,40,110.0,12.32,83.5,29.0
19:21:46,1529,41,110.0,12.49,83.5,28.1
19:21:47,1537,41,109.2,12.54,83.5,25.1
19:21:48,1554,41,108.2,13.23,83.5,26.1
19:21:49,1564,42,116.7,15.96,83.5,33.3
19:21:50,1597,43,119.5,16.37,83.5,31.3
19:21:51,1600,44,113.7,14.81,83.5,27.2
19:21:52,1581,43,112.0,18.39,83.5,16.7
19:21:53,1567,42,115.2,17.29,83.5,24.1
19:21:54,1560,42,116.0,14.41,83.5,24.1
19:21:55,1552,42,116.0,14.24,83.5,24.0
19:21:56,1557,42,110.0,13.06,83.5,27.2
19:21:57,1568,42,106.2,13.08,83.5,26.8
19:21:58,1580,43,106.0,13.08,83.5,21.2
19:21:59,1557,42,107.3,13.71,83.5,14.3
19:22:00,1511,41,110.5,26.17,83.5,14.1
19:22:01,1464,40,111.0,25.27,83.5,14.1
19:22:02,1379,37,110.1,23.63,83.5,14.1
19:22:03,976,32,108.0,15.0,83.5,14.1
19:22:04,911,27,104.3,8.98,83.5,14.1
19:22:05,899,22,102.5,8.36,83.5,14.1
19:22:06,886,17,102.0,7.97,83.5,14.1
19:22:07,894,12,102.0,7.98,83.5,14.1
19:22:08,894,8,102.0,7.93,83.5,14.1
19:22:09,895,7,102.0,7.98,83.5,15.1
19:22:10,925,7,102.0,8.14,83.5,19.1
19:22:11,1121,10,102.7,10.3,83.5,26.0
19:22:12,1419,12,106.3,14.73,83.5,33.3
19:22:13,1706,16,120.3,18.98,83.5,27.2
19:22:14,1084,16,114.7,9.14,83.5,14.1
19:22:15,903,14,107.5,12.14,83.5,14.1
19:22:16,898,8,103.7,8.34,83.5,14.1
19:22:17,873,2,103.0,7.8,83.5,14.4
19:22:18,878,0,102.2,8.67,83.5,15.5
19:22:19,944,2,103.0,8.7,83.5,15.0
19:22:20,986,2,103.0,8.37,83.5,15.1
19:22:21,944,2,103.0,8.51,83.5,16.1
19:22:22,928,2,103.0,8.52,83.5,15.7
19:22:23,978,2,103.0,8.7,83.5,15.7
19:22:24,953,2,103.0,8.47,83.5,18.6
19:22:25,972,3,103.6,9.25,83.5,19.9
19:22:26,984,4,104.0,8.31,83.5,14.1
19:22:27,943,3,103.9,8.19,83.5,14.1
19:22:28,862,0,102.8,7.76,83.5,14.3
19:22:29,837,0,101.5,7.48,83.5,15.6
19:22:30,895,0,101.7,8.78,83.5,16.1
19:22:31,915,3,102.8,8.48,83.5,15.7
19:22:32,1006,5,103.0,8.38,83.5,14.3
19:22:33,916,4,103.0,8.2,83.5,14.1
19:22:34,851,1,102.5,7.81,83.5,14.1
19:22:35,784,0,101.3,7.18,83.5,14.3
19:22:36,844,0,101.0,8.31,83.5,16.9
19:22:37,997,1,102.2,9.15,83.5,15.7
19:22:38,936,1,103.0,8.3,83.5,15.3
19:22:39,899,1,103.0,8.61,83.5,16.1
19:22:40,907,4,103.7,9.37,83.5,16.2
19:22:41,1045,8,104.8,9.73,83.5,18.8
19:22:42,1150,10,103.5,10.45,83.5,19.2
19:22:43,1004,10,101.8,8.43,83.5,14.1
19:22:44,938,8,103.0,8.47,83.5,14.1
19:22:45,910,4,102.2,8.27,83.5,14.1
19:22:46,860,3,101.9,7.72,83.5,14.1
19:22:47,767,2,101.0,7.19,83.5,14.7
19:22:48,812,1,101.0,7.69,83.5,16.8
19:22:49,898,3,102.2,8.93,83.5,17.6
19:22:50,921,7,103.8,10.22,83.5,18.5
19:22:51,1194,10,107.2,12.86,83.5,23.5
19:22:52,1385,13,111.0,13.44,83.5,21.2
19:22:53,1019,12,104.6,9.59,83.5,14.1
19:22:54,934,11,103.4,8.4,83.5,14.1
19:22:55,909,10,103.0,8.26,83.5,14.4
19:22:56,902,9,102.0,8.18,83.5,14.1
19:22:57,900,8,102.0,8.09,83.5,14.1
19:22:58,902,6,102.0,8.09,83.5,14.1
19:22:59,868,5,102.0,8.17,83.5,17.7
19:23:00,908,7,102.8,9.46,83.5,18.0
19:23:01,1041,9,103.9,9.17,83.5,14.1
19:23:02,950,8,103.8,8.5,83.5,14.1
19:23:03,919,7,103.0,8.29,83.5,14.1
19:23:04,916,6,102.4,8.18,83.5,14.1
19:23:05,884,2,102.0,7.85,83.5,14.4
19:23:06,892,0,102.0,8.31,83.5,15.6
19:23:07,942,0,102.3,8.63,83.5,14.9
19:23:08,968,0,103.0,8.22,83.5,14.4
19:23:09,896,0,102.3,8.09,83.5,14.1
19:23:10,840,0,102.0,7.64,83.5,14.1
19:23:11,779,0,101.0,7.17,83.5,14.1
19:23:12,703,0,85.7,7.02,83.5,14.1
19:23:13,501,0,53.1,0.0,23.7,14.1
